Workbook

Sheet Cmol
A1: Supplemental Material 2: Model
B3: C | C3: H | D3: N | E3: O | F3: P | G3: S | H3: metal (X) | I3: charge (-) | K3: weight 1 Cmol (g/mol) | N3: C. jadinii | O3: O. parapolymorpha | P3: S. cerevisiae | R3: C. jadinii | S3: O. parapolymorpha | T3: S. cerevisiae | V3: C. jadinii | W3: O. parapolymorpha | X3: S. cerevisiae | Z3: C. jadinii | AA3: O. parapolymorpha | AB3: S. cerevisiae | AE3: C. jadinii | AF3: O. parapolymorpha | AG3: S. cerevisiae | AJ3: C. jadinii | AK3: O. parapolymorpha | AL3: S. cerevisiae
A4: Molar weight | B4: 12 | C4: 1 | D4: 14 | E4: 16 | F4: 31 | G4: 32 | N4: doi.org/10.1093/femsyr/foae037 | R4: gMMi/gX | S4: = wt fraction | V4: CmolMMi/gX | AE4: g/Cmol | AJ4: Cmol MMi/CmolX
Z5: mol C/CmolMMi/gX
A6: Carbohydrates | B6: 1 | C6: 1.67 | E6: 0.833 | K6: =B6*$B$4+C6*$C$4+D6*$D$4+E6*$E$4+F6*$F$4+G6*$G$4+H6*$H$4 -> 26.998 | N6: 0.613 | O6: 0.87143621 | P6: 1.0069048 | R6: =N6/N$12 -> 0.22290909 | S6: =O6/O$12 -> 0.34512325 | T6: =P6/P$12 -> 0.29398681 | V6: =R6/$K6 -> 0.0082565038 | W6: =S6/$K6 -> 0.01278329 | X6: =T6/$K6 -> 0.010889207 | Z6: =V6*$B6 -> 0.0082565038 | AA6: =W6*$B6 -> 0.01278329 | AB6: =X6*$B6 -> 0.010889207 | AE6: =Z12*$B$4+Z21*$C$4+Z30*$D$4+Z39*$E$4+Z48*$F$4+Z57*$G$4 -> 23.755299 | AF6: =AA12*$B$4+AA21*$C$4+AA30*$D$4+AA39*$E$4+AA48*$F$4+AA57*$G$4 -> 24.083751 | AG6: =AB12*$B$4+AB21*$C$4+AB30*$D$4+AB39*$E$4+AB48*$F$4+AB57*$G$4 -> 23.654717 | AI6: C | AJ6: =V6*AE$6 -> 0.19613572 | AK6: =W6*AF$6 -> 0.30786956 | AL6: =X6*AG$6 -> 0.25758111
A7: DNA | B7: 1 | C7: 1.26 | D7: 0.378 | E7: 0.612 | F7: 0.102 | K7: =B7*$B$4+C7*$C$4+D7*$D$4+E7*$E$4+F7*$F$4+G7*$G$4+H7*$H$4 -> 31.506 | M7: assumed 0.5 wt-% | N7: =N12*0.5/100 -> 0.01375 | O7: =O12*0.5/100 -> 0.012625 | P7: =P12*0.5/100 -> 0.017125 | R7: =N7/N$12 -> 0.005 | S7: =O7/O$12 -> 0.005 | T7: =P7/P$12 -> 0.005 | V7: =R7/$K7 -> 0.00015869993 | W7: =S7/$K7 -> 0.00015869993 | X7: =T7/$K7 -> 0.00015869993 | Z7: =V7*$B7 -> 0.00015869993 | AA7: =W7*$B7 -> 0.00015869993 | AB7: =X7*$B7 -> 0.00015869993 | AI7: D | AJ7: =V7*AE$6 -> 0.0037699644 | AK7: =W7*AF$6 -> 0.0038220896 | AL7: =X7*AG$6 -> 0.003754002
A8: Lipid | B8: 1 | C8: 1.87 | D8: 0.00953 | E8: 0.149 | F8: 0.00953 | K8: =B8*$B$4+C8*$C$4+D8*$D$4+E8*$E$4+F8*$F$4+G8*$G$4+H8*$H$4 -> 16.68285 | N8: 0.189 | O8: 0.17922192 | P8: 0.31399203 | R8: =N8/N$12 -> 0.068727273 | S8: =O8/O$12 -> 0.07097898 | T8: =P8/P$12 -> 0.091676504 | V8: =R8/$K8 -> 0.0041196362 | W8: =S8/$K8 -> 0.0042546076 | X8: =T8/$K8 -> 0.0054952544 | Z8: =V8*$B8 -> 0.0041196362 | AA8: =W8*$B8 -> 0.0042546076 | AB8: =X8*$B8 -> 0.0054952544 | AI8: L | AJ8: =V8*AE$6 -> 0.097863191 | AK8: =W8*AF$6 -> 0.10246691 | AL8: =X8*AG$6 -> 0.12998869
A9: Protein | B9: 1 | C9: 1.58 | D9: 0.275 | E9: 0.318 | G9: 0.00265 | I9: 0.00587 | K9: =B9*$B$4+C9*$C$4+D9*$D$4+E9*$E$4+F9*$F$4+G9*$G$4+H9*$H$4 -> 22.6028 | N9: 1.62 | O9: 1.3011548 | P9: 1.4581177 | R9: =N9/N$12 -> 0.58909091 | S9: =O9/O$12 -> 0.51530885 | T9: =P9/P$12 -> 0.42572779 | V9: =R9/$K9 -> 0.02606274 | W9: =S9/$K9 -> 0.022798452 | X9: =T9/$K9 -> 0.018835179 | Z9: =V9*$B9 -> 0.02606274 | AA9: =W9*$B9 -> 0.022798452 | AB9: =X9*$B9 -> 0.018835179 | AI9: P | AJ9: =V9*AE$6 -> 0.6191282 | AK9: =W9*AF$6 -> 0.54907224 | AL9: =X9*AG$6 -> 0.44554084
A10: RNA | B10: 1 | C10: 1.23 | D10: 0.389 | E10: 0.737 | F10: 0.105 | K10: =B10*$B$4+C10*$C$4+D10*$D$4+E10*$E$4+F10*$F$4+G10*$G$4+H10*$H$4 -> 33.723 | N10: 0.29 | O10: 0.23691829 | P10: 0.23486824 | R10: =N10/N$12 -> 0.10545455 | S10: =O10/O$12 -> 0.093829027 | T10: =P10/P$12 -> 0.068574668 | V10: =R10/$K10 -> 0.0031270808 | W10: =S10/$K10 -> 0.0027823452 | X10: =T10/$K10 -> 0.0020334688 | Z10: =V10*$B10 -> 0.0031270808 | AA10: =W10*$B10 -> 0.0027823452 | AB10: =X10*$B10 -> 0.0020334688 | AI10: R | AJ10: =V10*AE$6 -> 0.07428474 | AK10: =W10*AF$6 -> 0.067009309 | AL10: =X10*AG$6 -> 0.048101129
R11: =SUM(R6:R10) -> 0.99118182 | S11: =SUM(S6:S10) -> 1.0302401 | T11: =SUM(T6:T10) -> 0.88496577 | Y11: sum | Z11: =SUM(Z6:Z10) -> 0.041724661 | AA11: =SUM(AA6:AA10) -> 0.042777394 | AB11: =SUM(AB6:AB10) -> 0.037411809 | AC11: mol C/gX
M12: Cx | N12: 2.75 | O12: 2.525 | P12: 3.425 | Z12: =Z11/$Z$11 -> 1 | AA12: =AA11/$AA$11 -> 1 | AB12: =AB11/$AB$11 -> 1
M13: Cs,in | N13: 3.765 | O13: 3.7903793 | P13: 5.8146536
Z14: mol H/CmolMMi/gX
M15: P | N15: =N9/N12 -> 0.58909091 | O15: =O9/O12 -> 0.51530885 | P15: =P9/P12 -> 0.42572779 | Y15: C | Z15: =V6*$C6 -> 0.013788361 | AA15: =W6*$C6 -> 0.021348094 | AB15: =X6*$C6 -> 0.018184976
M16: C | N16: =N6/N12 -> 0.22290909 | O16: =O6/O12 -> 0.34512325 | P16: =P6/P12 -> 0.29398681 | Y16: D | Z16: =V7*$C7 -> 0.00019996191 | AA16: =W7*$C7 -> 0.00019996191 | AB16: =X7*$C7 -> 0.00019996191
M17: R | N17: =N10/N12 -> 0.10545455 | O17: =O10/O12 -> 0.093829027 | P17: =P10/P12 -> 0.068574668 | Y17: L | Z17: =V8*$C8 -> 0.0077037197 | AA17: =W8*$C8 -> 0.0079561161 | AB17: =X8*$C8 -> 0.010276126
M18: L | N18: =N8/N12 -> 0.068727273 | O18: =O8/O12 -> 0.07097898 | P18: =P8/P12 -> 0.091676504 | Y18: P | Z18: =V9*$C9 -> 0.04117913 | AA18: =W9*$C9 -> 0.036021554 | AB18: =X9*$C9 -> 0.029759583
M19: O | N19: =(N12-N6-N8-N9-N10)/N12 -> 0.013818182 | O19: =(O12-O6-O8-O9-O10)/O12 -> -0.025240107 | P19: =(P12-P6-P8-P9-P10)/P12 -> 0.12003423 | Y19: R | Z19: =V10*$C10 -> 0.0038463094 | AA19: =W10*$C10 -> 0.0034222846 | AB19: =X10*$C10 -> 0.0025011666
N20: =SUM(N15:N19) -> 1 | O20: =SUM(O15:O19) -> 1 | P20: =SUM(P15:P19) -> 1 | Y20: sum | Z20: =SUM(Z15:Z19) -> 0.066717482 | AA20: =SUM(AA15:AA19) -> 0.06894801 | AB20: =SUM(AB15:AB19) -> 0.060921813 | AC20: mol H/gX
Z21: =Z20/$Z$11 -> 1.598994 | AA21: =AA20/$AA$11 -> 1.6117861 | AB21: =AB20/$AB$11 -> 1.6284113
M23: P | N23: =N9/N13 -> 0.43027888 | O23: =O9/O13 -> 0.34327827 | P23: =P9/P13 -> 0.25076604 | Z23: mol N/CmolMMi/gX
M24: C | N24: =N6/N13 -> 0.16281541 | O24: =O6/O13 -> 0.22990739 | P24: =P6/P13 -> 0.17316678 | Y24: C | Z24: =V6*$D6 -> 0 | AA24: =W6*$D6 -> 0 | AB24: =X6*$D6 -> 0
M25: R | N25: =N10/N13 -> 0.077025232 | O25: =O10/O13 -> 0.062505168 | P25: =P10/P13 -> 0.040392473 | Y25: D | Z25: =V7*$D7 -> 5.9988574e-05 | AA25: =W7*$D7 -> 5.9988574e-05 | AB25: =X7*$D7 -> 5.9988574e-05
M26: L | N26: =N8/N13 -> 0.050199203 | O26: =O8/O13 -> 0.047283374 | P26: =P8/P13 -> 0.054000125 | Y26: L | Z26: =V8*$D8 -> 3.9260133e-05 | AA26: =W8*$D8 -> 4.054641e-05 | AB26: =X8*$D8 -> 5.2369774e-05
M27: O | N27: =(N12-N6-N8-N9-N10)/N13 -> 0.010092961 | O27: =(O12-O6-O8-O9-O10)/O13 -> -0.016813956 | P27: =(P12-P6-P8-P9-P10)/P13 -> 0.07070365 | Y27: P | Z27: =V9*$D9 -> 0.0071672536 | AA27: =W9*$D9 -> 0.0062695742 | AB27: =X9*$D9 -> 0.0051796743
Y28: R | Z28: =V10*$D10 -> 0.0012164344 | AA28: =W10*$D10 -> 0.0010823323 | AB28: =X10*$D10 -> 0.00079101936
Y29: sum | Z29: =SUM(Z24:Z28) -> 0.0084829367 | AA29: =SUM(AA24:AA28) -> 0.0074524415 | AB29: =SUM(AB24:AB28) -> 0.006083052 | AC29: mol N/gX
Z30: =Z29/$Z$11 -> 0.2033075 | AA30: =AA29/$AA$11 -> 0.17421448 | AB30: =AB29/$AB$11 -> 0.16259711
Z32: mol O/CmolMMi/gX
Y33: C | Z33: =V6*$E6 -> 0.0068776677 | AA33: =W6*$E6 -> 0.01064848 | AB33: =X6*$E6 -> 0.0090707095
Y34: D | Z34: =V7*$E7 -> 9.7124357e-05 | AA34: =W7*$E7 -> 9.7124357e-05 | AB34: =X7*$E7 -> 9.7124357e-05
Y35: L | Z35: =V8*$E8 -> 0.00061382579 | AA35: =W8*$E8 -> 0.00063393653 | AB35: =X8*$E8 -> 0.0008187929
Y36: P | Z36: =V9*$E9 -> 0.0082879515 | AA36: =W9*$E9 -> 0.0072499077 | AB36: =X9*$E9 -> 0.005989587
Y37: R | Z37: =V10*$E10 -> 0.0023046585 | AA37: =W10*$E10 -> 0.0020505884 | AB37: =X10*$E10 -> 0.0014986665
Y38: sum | Z38: =SUM(Z33:Z37) -> 0.018181228 | AA38: =SUM(AA33:AA37) -> 0.020680037 | AB38: =SUM(AB33:AB37) -> 0.01747488 | AC38: mol O/gX
Z39: =Z38/$Z$11 -> 0.43574297 | AA39: =AA38/$AA$11 -> 0.48343378 | AB39: =AB38/$AB$11 -> 0.4670953
Z41: mol P/CmolMMi/gX
Y42: C | Z42: =V6*$F6 -> 0 | AA42: =W6*$F6 -> 0 | AB42: =X6*$F6 -> 0
Y43: D | Z43: =V7*$F7 -> 1.6187393e-05 | AA43: =W7*$F7 -> 1.6187393e-05 | AB43: =X7*$F7 -> 1.6187393e-05
Y44: L | Z44: =V8*$F8 -> 3.9260133e-05 | AA44: =W8*$F8 -> 4.054641e-05 | AB44: =X8*$F8 -> 5.2369774e-05
Y45: P | Z45: =V9*$F9 -> 0 | AA45: =W9*$F9 -> 0 | AB45: =X9*$F9 -> 0
Y46: R | Z46: =V10*$F10 -> 0.00032834348 | AA46: =W10*$F10 -> 0.00029214625 | AB46: =X10*$F10 -> 0.00021351422
Y47: sum | Z47: =SUM(Z42:Z46) -> 0.00038379101 | AA47: =SUM(AA42:AA46) -> 0.00034888005 | AB47: =SUM(AB42:AB46) -> 0.00028207139 | AC47: mol P/gX
Z48: =Z47/$Z$11 -> 0.0091981816 | AA48: =AA47/$AA$11 -> 0.0081557107 | AB48: =AB47/$AB$11 -> 0.0075396351
Z50: mol S/CmolMMi/gX
Y51: C | Z51: =V6*$G6 -> 0 | AA51: =W6*$G6 -> 0 | AB51: =X6*$G6 -> 0
Y52: D | Z52: =V7*$G7 -> 0 | AA52: =W7*$G7 -> 0 | AB52: =X7*$G7 -> 0
Y53: L | Z53: =V8*$G8 -> 0 | AA53: =W8*$G8 -> 0 | AB53: =X8*$G8 -> 0
Y54: P | Z54: =V9*$G9 -> 6.9066262e-05 | AA54: =W9*$G9 -> 6.0415897e-05 | AB54: =X9*$G9 -> 4.9913225e-05
Y55: R | Z55: =V10*$G10 -> 0 | AA55: =W10*$G10 -> 0 | AB55: =X10*$G10 -> 0
Y56: sum | Z56: =SUM(Z51:Z55) -> 6.9066262e-05 | AA56: =SUM(AA51:AA55) -> 6.0415897e-05 | AB56: =SUM(AB51:AB55) -> 4.9913225e-05 | AC56: mol S/gX
Z57: =Z56/$Z$11 -> 0.0016552863 | AA57: =AA56/$AA$11 -> 0.0014123323 | AB57: =AB56/$AB$11 -> 0.0013341569

Sheet val
A1: Supplemental Material 2: Model
A3: mATP | B3: =B4*B5 -> 14.965839 | C3: mmol ATP/Cmol/h
A4: mATP | B4: 0.63 | C4: mmol ATP/gX/h, published in https://doi.org/10.1186/s12934-016-0501-z
A5: MW Cmol | B5: =Cmol!AE6 -> 23.755299 | C5: g/Cmol
A6: Kx | B6: 1.8
B7: 100 | C7: =B3+B7*B6 -> 194.96584 | D7: mmol/mol/h
B8: biom:ext | C8: cMaintenance | F8: mmol/gx/h
A9: ADPc<->ATPm | B9: -2.1928584 | C9: -1.2826087 | D9: = | E9: =-SUMPRODUCT(B9:C9,$B$7:$C$7) -> 469.35072 | F9: =E9/$B$5 -> 19.757727 | H9: Yxs | I9: =E10/-E160 -> 1.1672469 | J9: Cmol/mol
A10: biom | B10: -1 | C10: 0 | D10: = | E10: =-SUMPRODUCT(B10:C10,$B$7:$C$7) -> 100 | F10: =E10/$B$5 -> 4.209587 | H10: Yxs | I10: =I9*B5/46 -> 0.60278911 | J10: g/g
A11: c13PG kin | B11: 0.10892844 | C11: 4.6533957e-16 | D11: = | E11: =-SUMPRODUCT(B11:C11,$B$7:$C$7) -> -10.892844 | F11: =E11/$B$5 -> -0.45854373
A12: c3PG mut | B12: 0.12650271 | C12: 1.7889336e-15 | D12: = | E12: =-SUMPRODUCT(B12:C12,$B$7:$C$7) -> -12.650271 | F12: =E12/$B$5 -> -0.53252418 | H12: C. jadinii
A13: cA kin | B13: -0.0022710857 | C13: 7.3461768e-17 | D13: = | E13: =-SUMPRODUCT(B13:C13,$B$7:$C$7) -> 0.22710857 | F13: =E13/$B$5 -> 0.009560333 | I13: =Cmol!AF6 -> 24.083751 | J13: g/Cmol
A14: cACCoA carb | B14: -0.05136783 | C14: 2.7894353e-15 | D14: = | E14: =-SUMPRODUCT(B14:C14,$B$7:$C$7) -> 5.136783 | F14: =E14/$B$5 -> 0.21623735 | H14: Yxs | I14: 0.73 | J14: g/g
A15: cACCoA syn | B15: -0.58269336 | C15: -0.14130435 | D15: = | E15: =-SUMPRODUCT(B15:C15,$B$7:$C$7) -> 85.818856 | F15: =E15/$B$5 -> 3.6126194 | I15: =I14/I13*46 -> 1.3943011 | J15: Cmol/mol
A16: cACTAL deh (NAD) | B16: -0.30005769 | C16: -0.14130435 | D16: = | E16: =-SUMPRODUCT(B16:C16,$B$7:$C$7) -> 57.55529 | F16: =E16/$B$5 -> 2.42284 | I16: 100 | J16: mCmol
A17: cACTAL deh (NADP) | B17: -0.28145308 | C17: 4.6629367e-15 | D17: = | E17: =-SUMPRODUCT(B17:C17,$B$7:$C$7) -> 28.145308 | F17: =E17/$B$5 -> 1.1848012 | I17: =I16/I15 -> 71.720521 | J17: mmol EtOH/mol/h
A18: cAICAR syn | B18: -0.0027231691 | C18: -8.0098971e-17 | D18: = | E18: =-SUMPRODUCT(B18:C18,$B$7:$C$7) -> 0.27231691 | F18: =E18/$B$5 -> 0.011463417
A19: cALA N-trans | B19: -0.0090488325 | C19: 0 | D19: = | E19: =-SUMPRODUCT(B19:C19,$B$7:$C$7) -> 0.90488325 | F19: =E19/$B$5 -> 0.038091848
A20: cAMP kin | B20: -0.70779106 | C20: -0.14130435 | D20: = | E20: =-SUMPRODUCT(B20:C20,$B$7:$C$7) -> 98.328626 | F20: =E20/$B$5 -> 4.1392291
A21: cAMP syn | B21: -0.0034179174 | C21: -5.8739245e-16 | D21: = | E21: =-SUMPRODUCT(B21:C21,$B$7:$C$7) -> 0.34179174 | F21: =E21/$B$5 -> 0.014388021
A22: cARG syn | B22: -0.0035717369 | C22: 0 | D22: = | E22: =-SUMPRODUCT(B22:C22,$B$7:$C$7) -> 0.35717369 | F22: =E22/$B$5 -> 0.015035537
A23: cASN syn | B23: -0.0037838551 | C23: 0 | D23: = | E23: =-SUMPRODUCT(B23:C23,$B$7:$C$7) -> 0.37838551 | F23: =E23/$B$5 -> 0.015928467
A24: cASP kin | B24: -0.011958468 | C24: 3.2763647e-16 | D24: = | E24: =-SUMPRODUCT(B24:C24,$B$7:$C$7) -> 1.1958468 | F24: =E24/$B$5 -> 0.050340212
A25: cASP N-trans | B25: -0.032994047 | C25: -5.8648738e-16 | D25: = | E25: =-SUMPRODUCT(B25:C25,$B$7:$C$7) -> 3.2994047 | F25: =E25/$B$5 -> 0.13889131
A26: cAvAA form | B26: -0.0092628033 | C26: 0 | D26: = | E26: =-SUMPRODUCT(B26:C26,$B$7:$C$7) -> 0.92628033 | F26: =E26/$B$5 -> 0.038992576
A27: cAvFA form | B27: -0.00082584935 | C27: -3.8814438e-17 | D27: = | E27: =-SUMPRODUCT(B27:C27,$B$7:$C$7) -> 0.082584935 | F27: =E27/$B$5 -> 0.0034764847
A28: cAvPL form | B28: -6.8820779e-05 | C28: 0 | D28: = | E28: =-SUMPRODUCT(B28:C28,$B$7:$C$7) -> 0.0068820779 | F28: =E28/$B$5 -> 0.00028970706
A29: cCARBHYD syn | B29: -0.042930186 | C29: 0 | D29: = | E29: =-SUMPRODUCT(B29:C29,$B$7:$C$7) -> 4.2930186 | F29: =E29/$B$5 -> 0.18071835
... A160: ETOH:ext | B160: 0.58122159 | C160: 0.14130435 | D160: = | E160: =-SUMPRODUCT(B160:C160,$B$7:$C$7) -> -85.671679 | F160: =E160/$B$5 -> -3.6064239

Sheet S
A1: S | B1: ADPc<->ATPm | C1: biom-Cj | D1: biom-Op | E1: biom-Sc | F1: c13PG kin | G1: c3PG mut | H1: cA kin | I1: cACCoA carb | J1: cACCoA syn | K1: cACTAL deh (NAD) | L1: cACTAL deh (NADP) | M1: cACT -> mACT | N1: cACTAL -> mACTAL | O1: cAICAR syn | P1: cALA N-trans | Q1: cAMP kin | R1: cAMP syn | S1: cARG syn | T1: cASN syn | U1: cASP kin | V1: cASP N-trans | W1: cAvAA form | X1: cAvFA form | Y1: cAvPL form | Z1: cCARBHYD syn | AA1: cCARP syn | AB1: cCDP kin | AC1: cCIT syn | AD1: cCMP kin | AE1: cCO2<-mCO2 | AF1: cCTP syn | AG1: cCYS syn | AH1: cDHF red | AI1: cDNA poly | AJ1: cEnol | AK1: eH2O2 trans | AL1: cAOX | AM1: cETOH deh | AN1: cETOH -> mETOH | AO1: cF16P ald | AP1: cF16P phos | AQ1: cFAT form | AR1: cFUM hy | AS1: cG6P deh | AT1: cG6P iso | AU1: cGAP deh | AV1: cGDP kin | AW1: cGLM deh | AX1: cGLM N-lig | AY1: cGLY transf | AZ1: cGMP kin | BA1: cGMP syn | BB1: cGOH3P deh | BC1: cGOH3P trans | BD1: cH2O<-mH2O | BE1: cHCIT syn | BF1: cHCYS syn | BG1: cHIS syn | BH1: cICIT deh_NADP | BI1: cICIT lya | BJ1: cIMP syn | BK1: cIPM syn | BL1: cLEU N-trans | BM1: cLipid form | BN1: cLYS syn | BO1: cMAL deh | BP1: cMAL syn | BQ1: cMET Atrans | BR1: cMET syn | BS1: cMETHF deh | BT1: cMETHF red | BU1: cNADH deh | BV1: cO2->mO2 | BW1: cPEP ck | BX1: cPHD-C trans | BY1: cPHD-EA mtrans | BZ1: cPHD-SER dcarb | CA1: cPHD-SER syn | CB1: cPHE syn | CC1: cPLM desat | CD1: cPLM lig | CE1: cPLM syn | CF1: cPPi ase | CG1: cPRO deh | CH1: cPROT poly | CI1: cPRPP syn | CJ1: cPYR kin | CK1: cRIBU iso | CL1: cRIBUP epi | CM1: cRNA syn | CN1: cSAH hyd | CO1: cSER syn | CP1: cSHI path | CQ1: cSO4 ass | CR1: cSTE desat | CS1: cSTE ligase | CT1: cSTE syn | CU1: cTA1 | CV1: cTHR ald | CW1: cTHR syn | CX1: cTK1 | CY1: cTK2 | CZ1: cTP iso | DA1: CTP1m car | DB1: CTP2m car | DC1: cTRP syn | DD1: cTYR syn | DE1: cUDP kin | DF1: cUMP kin | DG1: cUMP syn | DH1: cVAL N-trans | DI1: eACT trans | DJ1: eATPase | DK1: eCO2<-cCO2 | DL1: eETOH trans | DM1: eH2O<-cH2O | DN1: eNH4 trans | DO1: eO2->cO2 | DP1: ePi trans | DQ1: eSO4 trans | DR1: HCITm car | DS1: ILEm car | DT1: mACON 1 | DU1: mACON 2 | DV1: mACTAL deh (NAD) | DW1: mACTAL deh (NADP) | DX1: mATPase | DY1: mETOH deh | DZ1: mFUM hy | EA1: mICIT deh_NAD | EB1: mICIT deh_NADP | EC1: mILE N-trans | ED1: mMAL deh | EE1: mNADH deh CI | EF1: mNADH deh ND | EG1: mOAD syn | EH1: mOGL deh | EI1: mOIV syn | EJ1: mORN syn | EK1: mQH2 deh | EL1: mSUC deh | EM1: mSUCCoA syn | EN1: mTHR deh | EO1: mVAL N-trans | EP1: NH4m car | EQ1: OACm car | ER1: OBUm car | ES1: ODC1m car | ET1: ODC2m car | EU1: OIVm car | EV1: ORNm car | EW1: OXACTm ex | EX1: Pi_m car | EY1: PYRm car | EZ1: SFC1m car | FA1: THRm car | FB1: VALm imp | FC1: H:ext | FD1: H2O:ext | FE1: NH4:ext | FF1: Pi:ext | FG1: SO4:ext | FH1: H2O2:ext | FI1: O2:ext | FJ1: CO2:ext | FK1: ACT:ext | FL1: ETOH:ext | FM1: biom:ext | FN1: cMaintenance
A2: 13PG:cyt | B2: 0 | C2: 0 | D2: 0 | E2: 0 | F2: -1 | G2: 0 | H2: 0 | I2: 0 | J2: 0 | K2: 0 | L2: 0 | M2: 0 | N2: 0 | O2: 0 | P2: 0 | Q2: 0 | R2: 0 | S2: 0 | T2: 0 | U2: 0 | V2: 0 | W2: 0 | X2: 0 | Y2: 0 | Z2: 0 | AA2: 0 | AB2: 0 | AC2: 0 | AD2: 0 | AE2: 0 | AF2: 0 | AG2: 0 | AH2: 0 | AI2: 0 | AJ2: 0 | AK2: 0 | AL2: 0 | AM2: 0 | AN2: 0 | AO2: 0 | AP2: 0 | AQ2: 0 | AR2: 0 | AS2: 0 | AT2: 0 | AU2: 1 | AV2: 0 | AW2: 0 | AX2: 0 | AY2: 0 | AZ2: 0 | BA2: 0 | BB2: 0 | BC2: 0 | BD2: 0 | BE2: 0 | BF2: 0 | BG2: 0 | BH2: 0 | BI2: 0 | BJ2: 0 | BK2: 0 | BL2: 0 | BM2: 0 | BN2: 0 | BO2: 0 | BP2: 0 | BQ2: 0 | BR2: 0 | BS2: 0 | BT2: 0 | BU2: 0 | BV2: 0 | BW2: 0 | BX2: 0 | BY2: 0 | BZ2: 0 | CA2: 0 | CB2: 0 | CC2: 0 | CD2: 0 | CE2: 0 | CF2: 0 | CG2: 0 | CH2: 0 | CI2: 0 | CJ2: 0 | CK2: 0 | CL2: 0 | CM2: 0 | CN2: 0 | CO2: 0 | CP2: 0 | CQ2: 0 | CR2: 0 | CS2: 0 | CT2: 0 | CU2: 0 | CV2: 0 | CW2: 0 | CX2: 0 | CY2: 0 | CZ2: 0 | DA2: 0 | DB2: 0 | DC2: 0 | DD2: 0 | DE2: 0 | DF2: 0 | DG2: 0 | DH2: 0 | DI2: 0 | DJ2: 0 | DK2: 0 | DL2: 0 | DM2: 0 | DN2: 0 | DO2: 0 | DP2: 0 | DQ2: 0 | DR2: 0 | DS2: 0 | DT2: 0 | DU2: 0 | DV2: 0 | DW2: 0 | DX2: 0 | DY2: 0 | DZ2: 0 | EA2: 0 | EB2: 0 | EC2: 0 | ED2: 0 | EE2: 0 | EF2: 0 | EG2: 0 | EH2: 0 | EI2: 0 | EJ2: 0 | EK2: 0 | EL2: 0 | EM2: 0 | EN2: 0 | EO2: 0 | EP2: 0 | EQ2: 0 | ER2: 0 | ES2: 0 | ET2: 0 | EU2: 0 | EV2: 0 | EW2: 0 | EX2: 0 | EY2: 0 | EZ2: 0 | FA2: 0 | FB2: 0 | FC2: 0 | FD2: 0 | FE2: 0 | FF2: 0 | FG2: 0 | FH2: 0 | FI2: 0 | FJ2: 0 | FK2: 0 | FL2: 0 | FM2: 0 | FN2: 0
A3: 2PG:cyt | B3: 0 | C3: 0 | D3: 0 | E3: 0 | F3: 0 | G3: 1 | H3: 0 | I3: 0 | J3: 0 | K3: 0 | L3: 0 | M3: 0 | N3: 0 | O3: 0 | P3: 0 | Q3: 0 | R3: 0 | S3: 0 | T3: 0 | U3: 0 | V3: 0 | W3: 0 | X3: 0 | Y3: 0 | Z3: 0 | AA3: 0 | AB3: 0 | AC3: 0 | AD3: 0 | AE3: 0 | AF3: 0 | AG3: 0 | AH3: 0 | AI3: 0 | AJ3: -1 | AK3: 0 | AL3: 0 | AM3: 0 | AN3: 0 | AO3: 0 | AP3: 0 | AQ3: 0 | AR3: 0 | AS3: 0 | AT3: 0 | AU3: 0 | AV3: 0 | AW3: 0 | AX3: 0 | AY3: 0 | AZ3: 0 | BA3: 0 | BB3: 0 | BC3: 0 | BD3: 0 | BE3: 0 | BF3: 0 | BG3: 0 | BH3: 0 | BI3: 0 | BJ3: 0 | BK3: 0 | BL3: 0 | BM3: 0 | BN3: 0 | BO3: 0 | BP3: 0 | BQ3: 0 | BR3: 0 | BS3: 0 | BT3: 0 | BU3: 0 | BV3: 0 | BW3: 0 | BX3: 0 | BY3: 0 | BZ3: 0 | CA3: 0 | CB3: 0 | CC3: 0 | CD3: 0 | CE3: 0 | CF3: 0 | CG3: 0 | CH3: 0 | CI3: 0 | CJ3: 0 | CK3: 0 | CL3: 0 | CM3: 0 | CN3: 0 | CO3: 0 | CP3: 0 | CQ3: 0 | CR3: 0 | CS3: 0 | CT3: 0 | CU3: 0 | CV3: 0 | CW3: 0 | CX3: 0 | CY3: 0 | CZ3: 0 | DA3: 0 | DB3: 0 | DC3: 0 | DD3: 0 | DE3: 0 | DF3: 0 | DG3: 0 | DH3: 0 | DI3: 0 | DJ3: 0 | DK3: 0 | DL3: 0 | DM3: 0 | DN3: 0 | DO3: 0 | DP3: 0 | DQ3: 0 | DR3: 0 | DS3: 0 | DT3: 0 | DU3: 0 | DV3: 0 | DW3: 0 | DX3: 0 | DY3: 0 | DZ3: 0 | EA3: 0 | EB3: 0 | EC3: 0 | ED3: 0 | EE3: 0 | EF3: 0 | EG3: 0 | EH3: 0 | EI3: 0 | EJ3: 0 | EK3: 0 | EL3: 0 | EM3: 0 | EN3: 0 | EO3: 0 | EP3: 0 | EQ3: 0 | ER3: 0 | ES3: 0 | ET3: 0 | EU3: 0 | EV3: 0 | EW3: 0 | EX3: 0 | EY3: 0 | EZ3: 0 | FA3: 0 | FB3: 0 | FC3: 0 | FD3: 0 | FE3: 0 | FF3: 0 | FG3: 0 | FH3: 0 | FI3: 0 | FJ3: 0 | FK3: 0 | FL3: 0 | FM3: 0 | FN3: 0
A4: 3PG:cyt | B4: 0 | C4: 0 | D4: 0 | E4: 0 | F4: 1 | G4: -1 | H4: 0 | I4: 0 | J4: 0 | K4: 0 | L4: 0 | M4: 0 | N4: 0 | O4: 0 | P4: 0 | Q4: 0 | R4: 0 | S4: 0 | T4: 0 | U4: 0 | V4: 0 | W4: 0 | X4: 0 | Y4: 0 | Z4: 0 | AA4: 0 | AB4: 0 | AC4: 0 | AD4: 0 | AE4: 0 | AF4: 0 | AG4: 0 | AH4: 0 | AI4: 0 | AJ4: 0 | AK4: 0 | AL4: 0 | AM4: 0 | AN4: 0 | AO4: 0 | AP4: 0 | AQ4: 0 | AR4: 0 | AS4: 0 | AT4: 0 | AU4: 0 | AV4: 0 | AW4: 0 | AX4: 0 | AY4: 0 | AZ4: 0 | BA4: 0 | BB4: 0 | BC4: 0 | BD4: 0 | BE4: 0 | BF4: 0 | BG4: 0 | BH4: 0 | BI4: 0 | BJ4: 0 | BK4: 0 | BL4: 0 | BM4: 0 | BN4: 0 | BO4: 0 | BP4: 0 | BQ4: 0 | BR4: 0 | BS4: 0 | BT4: 0 | BU4: 0 | BV4: 0 | BW4: 0 | BX4: 0 | BY4: 0 | BZ4: 0 | CA4: 0 | CB4: 0 | CC4: 0 | CD4: 0 | CE4: 0 | CF4: 0 | CG4: 0 | CH4: 0 | CI4: 0 | CJ4: 0 | CK4: 0 | CL4: 0 | CM4: 0 | CN4: 0 | CO4: -1 | CP4: 0 | CQ4: 0 | CR4: 0 | CS4: 0 | CT4: 0 | CU4: 0 | CV4: 0 | CW4: 0 | CX4: 0 | CY4: 0 | CZ4: 0 | DA4: 0 | DB4: 0 | DC4: 0 | DD4: 0 | DE4: 0 | DF4: 0 | DG4: 0 | DH4: 0 | DI4: 0 | DJ4: 0 | DK4: 0 | DL4: 0 | DM4: 0 | DN4: 0 | DO4: 0 | DP4: 0 | DQ4: 0 | DR4: 0 | DS4: 0 | DT4: 0 | DU4: 0 | DV4: 0 | DW4: 0 | DX4: 0 | DY4: 0 | DZ4: 0 | EA4: 0 | EB4: 0 | EC4: 0 | ED4: 0 | EE4: 0 | EF4: 0 | EG4: 0 | EH4: 0 | EI4: 0 | EJ4: 0 | EK4: 0 | EL4: 0 | EM4: 0 | EN4: 0 | EO4: 0 | EP4: 0 | EQ4: 0 | ER4: 0 | ES4: 0 | ET4: 0 | EU4: 0 | EV4: 0 | EW4: 0 | EX4: 0 | EY4: 0 | EZ4: 0 | FA4: 0 | FB4: 0 | FC4: 0 | FD4: 0 | FE4: 0 | FF4: 0 | FG4: 0 | FH4: 0 | FI4: 0 | FJ4: 0 | FK4: 0 | FL4: 0 | FM4: 0 | FN4: 0
A5: A:cyt | B5: 0 | C5: 0 | D5: 0 | E5: 0 | F5: 0 | G5: 0 | H5: -1 | I5: 0 | J5: 0 | K5: 0 | L5: 0 | M5: 0 | N5: 0 | O5: 0 | P5: 0 | Q5: 0 | R5: 0 | S5: 0 | T5: 0 | U5: 0 | V5: 0 | W5: 0 | X5: 0 | Y5: 0 | Z5: 0 | AA5: 0 | AB5: 0 | AC5: 0 | AD5: 0 | AE5: 0 | AF5: 0 | AG5: 0 | AH5: 0 | AI5: 0 | AJ5: 0 | AK5: 0 | AL5: 0 | AM5: 0 | AN5: 0 | AO5: 0 | AP5: 0 | AQ5: 0 | AR5: 0 | AS5: 0 | AT5: 0 | AU5: 0 | AV5: 0 | AW5: 0 | AX5: 0 | AY5: 0 | AZ5: 0 | BA5: 0 | BB5: 0 | BC5: 0 | BD5: 0 | BE5: 0 | BF5: 0 | BG5: 0 | BH5: 0 | BI5: 0 | BJ5: 0 | BK5: 0 | BL5: 0 | BM5: 0 | BN5: 0 | BO5: 0 | BP5: 0 | BQ5: 0 | BR5: 0 | BS5: 0 | BT5: 0 | BU5: 0 | BV5: 0 | BW5: 0 | BX5: 0 | BY5: 0 | BZ5: 0 | CA5: 0 | CB5: 0 | CC5: 0 | CD5: 0 | CE5: 0 | CF5: 0 | CG5: 0 | CH5: 0 | CI5: 0 | CJ5: 0 | CK5: 0 | CL5: 0 | CM5: 0 | CN5: 1 | CO5: 0 | CP5: 0 | CQ5: 0 | CR5: 0 | CS5: 0 | CT5: 0 | CU5: 0 | CV5: 0 | CW5: 0 | CX5: 0 | CY5: 0 | CZ5: 0 | DA5: 0 | DB5: 0 | DC5: 0 | DD5: 0 | DE5: 0 | DF5: 0 | DG5: 0 | DH5: 0 | DI5: 0 | DJ5: 0 | DK5: 0 | DL5: 0 | DM5: 0 | DN5: 0 | DO5: 0 | DP5: 0 | DQ5: 0 | DR5: 0 | DS5: 0 | DT5: 0 | DU5: 0 | DV5: 0 | DW5: 0 | DX5: 0 | DY5: 0 | DZ5: 0 | EA5: 0 | EB5: 0 | EC5: 0 | ED5: 0 | EE5: 0 | EF5: 0 | EG5: 0 | EH5: 0 | EI5: 0 | EJ5: 0 | EK5: 0 | EL5: 0 | EM5: 0 | EN5: 0 | EO5: 0 | EP5: 0 | EQ5: 0 | ER5: 0 | ES5: 0 | ET5: 0 | EU5: 0 | EV5: 0 | EW5: 0 | EX5: 0 | EY5: 0 | EZ5: 0 | FA5: 0 | FB5: 0 | FC5: 0 | FD5: 0 | FE5: 0 | FF5: 0 | FG5: 0 | FH5: 0 | FI5: 0 | FJ5: 0 | FK5: 0 | FL5: 0 | FM5: 0 | FN5: 0
A6: ACCoA:cyt | B6: 0 | C6: 0 | D6: 0 | E6: 0 | F6: 0 | G6: 0 | H6: 0 | I6: -1 | J6: 1 | K6: 0 | L6: 0 | M6: 0 | N6: 0 | O6: 0 | P6: 0 | Q6: 0 | R6: 0 | S6: 0 | T6: 0 | U6: 0 | V6: 0 | W6: 0 | X6: 0 | Y6: 0 | Z6: 0 | AA6: 0 | AB6: 0 | AC6: -1 | AD6: 0 | AE6: 0 | AF6: 0 | AG6: 0 | AH6: 0 | AI6: 0 | AJ6: 0 | AK6: 0 | AL6: 0 | AM6: 0 | AN6: 0 | AO6: 0 | AP6: 0 | AQ6: 0 | AR6: 0 | AS6: 0 | AT6: 0 | AU6: 0 | AV6: 0 | AW6: 0 | AX6: 0 | AY6: 0 | AZ6: 0 | BA6: 0 | BB6: 0 | BC6: 0 | BD6: 0 | BE6: -1 | BF6: -1 | BG6: 0 | BH6: 0 | BI6: 0 | BJ6: 0 | BK6: -1 | BL6: 0 | BM6: 0 | BN6: 0 | BO6: 0 | BP6: -1 | BQ6: 0 | BR6: 0 | BS6: 0 | BT6: 0 | BU6: 0 | BV6: 0 | BW6: 0 | BX6: 0 | BY6: 0 | BZ6: 0 | CA6: 0 | CB6: 0 | CC6: 0 | CD6: 0 | CE6: -1 | CF6: 0 | CG6: 0 | CH6: 0 | CI6: 0 | CJ6: 0 | CK6: 0 | CL6: 0 | CM6: 0 | CN6: 0 | CO6: 0 | CP6: 0 | CQ6: 0 | CR6: 0 | CS6: 0 | CT6: -1 | CU6: 0 | CV6: 0 | CW6: 0 | CX6: 0 | CY6: 0 | CZ6: 0 | DA6: 0 | DB6: 0 | DC6: 0 | DD6: 0 | DE6: 0 | DF6: 0 | DG6: 0 | DH6: 0 | DI6: 0 | DJ6: 0 | DK6: 0 | DL6: 0 | DM6: 0 | DN6: 0 | DO6: 0 | DP6: 0 | DQ6: 0 | DR6: 0 | DS6: 0 | DT6: 0 | DU6: 0 | DV6: 0 | DW6: 0 | DX6: 0 | DY6: 0 | DZ6: 0 | EA6: 0 | EB6: 0 | EC6: 0 | ED6: 0 | EE6: 0 | EF6: 0 | EG6: 0 | EH6: 0 | EI6: 0 | EJ6: 0 | EK6: 0 | EL6: 0 | EM6: 0 | EN6: 0 | EO6: 0 | EP6: 0 | EQ6: 0 | ER6: 0 | ES6: 0 | ET6: 0 | EU6: 0 | EV6: 0 | EW6: 0 | EX6: 0 | EY6: 0 | EZ6: 0 | FA6: 0 | FB6: 0 | FC6: 0 | FD6: 0 | FE6: 0 | FF6: 0 | FG6: 0 | FH6: 0 | FI6: 0 | FJ6: 0 | FK6: 0 | FL6: 0 | FM6: 0 | FN6: 0
A7: ACO:mit | B7: 0 | C7: 0 | D7: 0 | E7: 0 | F7: 0 | G7: 0 | H7: 0 | I7: 0 | J7: 0 | K7: 0 | L7: 0 | M7: 0 | N7: 0 | O7: 0 | P7: 0 | Q7: 0 | R7: 0 | S7: 0 | T7: 0 | U7: 0 | V7: 0 | W7: 0 | X7: 0 | Y7: 0 | Z7: 0 | AA7: 0 | AB7: 0 | AC7: 0 | AD7: 0 | AE7: 0 | AF7: 0 | AG7: 0 | AH7: 0 | AI7: 0 | AJ7: 0 | AK7: 0 | AL7: 0 | AM7: 0 | AN7: 0 | AO7: 0 | AP7: 0 | AQ7: 0 | AR7: 0 | AS7: 0 | AT7: 0 | AU7: 0 | AV7: 0 | AW7: 0 | AX7: 0 | AY7: 0 | AZ7: 0 | BA7: 0 | BB7: 0 | BC7: 0 | BD7: 0 | BE7: 0 | BF7: 0 | BG7: 0 | BH7: 0 | BI7: 0 | BJ7: 0 | BK7: 0 | BL7: 0 | BM7: 0 | BN7: 0 | BO7: 0 | BP7: 0 | BQ7: 0 | BR7: 0 | BS7: 0 | BT7: 0 | BU7: 0 | BV7: 0 | BW7: 0 | BX7: 0 | BY7: 0 | BZ7: 0 | CA7: 0 | CB7: 0 | CC7: 0 | CD7: 0 | CE7: 0 | CF7: 0 | CG7: 0 | CH7: 0 | CI7: 0 | CJ7: 0 | CK7: 0 | CL7: 0 | CM7: 0 | CN7: 0 | CO7: 0 | CP7: 0 | CQ7: 0 | CR7: 0 | CS7: 0 | CT7: 0 | CU7: 0 | CV7: 0 | CW7: 0 | CX7: 0 | CY7: 0 | CZ7: 0 | DA7: 0 | DB7: 0 | DC7: 0 | DD7: 0 | DE7: 0 | DF7: 0 | DG7: 0 | DH7: 0 | DI7: 0 | DJ7: 0 | DK7: 0 | DL7: 0 | DM7: 0 | DN7: 0 | DO7: 0 | DP7: 0 | DQ7: 0 | DR7: 0 | DS7: 0 | DT7: 1 | DU7: -1 | DV7: 0 | DW7: 0 | DX7: 0 | DY7: 0 | DZ7: 0 | EA7: 0 | EB7: 0 | EC7: 0 | ED7: 0 | EE7: 0 | EF7: 0 | EG7: 0 | EH7: 0 | EI7: 0 | EJ7: 0 | EK7: 0 | EL7: 0 | EM7: 0 | EN7: 0 | EO7: 0 | EP7: 0 | EQ7: 0 | ER7: 0 | ES7: 0 | ET7: 0 | EU7: 0 | EV7: 0 | EW7: 0 | EX7: 0 | EY7: 0 | EZ7: 0 | FA7: 0 | FB7: 0 | FC7: 0 | FD7: 0 | FE7: 0 | FF7: 0 | FG7: 0 | FH7: 0 | FI7: 0 | FJ7: 0 | FK7: 0 | FL7: 0 | FM7: 0 | FN7: 0
A8: ACT:cyt | B8: 0 | C8: 0 | D8: 0 | E8: 0 | F8: 0 | G8: 0 | H8: 0 | I8: 0 | J8: -1 | K8: 1 | L8: 1 | M8: -1 | N8: 0 | O8: 0 | P8: 0 | Q8: 0 | R8: 0 | S8: 0 | T8: 0 | U8: 0 | V8: 0 | W8: 0 | X8: 0 | Y8: 0 | Z8: 0 | AA8: 0 | AB8: 0 | AC8: 0 | AD8: 0 | AE8: 0 | AF8: 0 | AG8: 0 | AH8: 0 | AI8: 0 | AJ8: 0 | AK8: 0 | AL8: 0 | AM8: 0 | AN8: 0 | AO8: 0 | AP8: 0 | AQ8: 0 | AR8: 0 | AS8: 0 | AT8: 0 | AU8: 0 | AV8: 0 | AW8: 0 | AX8: 0 | AY8: 0 | AZ8: 0 | BA8: 0 | BB8: 0 | BC8: 0 | BD8: 0 | BE8: 0 | BF8: 1 | BG8: 0 | BH8: 0 | BI8: 0 | BJ8: 0 | BK8: 0 | BL8: 0 | BM8: 0 | BN8: 0 | BO8: 0 | BP8: 0 | BQ8: 0 | BR8: 0 | BS8: 0 | BT8: 0 | BU8: 0 | BV8: 0 | BW8: 0 | BX8: 0 | BY8: 0 | BZ8: 0 | CA8: 0 | CB8: 0 | CC8: 0 | CD8: 0 | CE8: 0 | CF8: 0 | CG8: 0 | CH8: 0 | CI8: 0 | CJ8: 0 | CK8: 0 | CL8: 0 | CM8: 0 | CN8: 0 | CO8: 0 | CP8: 0 | CQ8: 0 | CR8: 0 | CS8: 0 | CT8: 0 | CU8: 0 | CV8: 0 | CW8: 0 | CX8: 0 | CY8: 0 | CZ8: 0 | DA8: 0 | DB8: 0 | DC8: 0 | DD8: 0 | DE8: 0 | DF8: 0 | DG8: 0 | DH8: 0 | DI8: 1 | DJ8: 0 | DK8: 0 | DL8: 0 | DM8: 0 | DN8: 0 | DO8: 0 | DP8: 0 | DQ8: 0 | DR8: 0 | DS8: 0 | DT8: 0 | DU8: 0 | DV8: 0 | DW8: 0 | DX8: 0 | DY8: 0 | DZ8: 0 | EA8: 0 | EB8: 0 | EC8: 0 | ED8: 0 | EE8: 0 | EF8: 0 | EG8: 0 | EH8: 0 | EI8: 0 | EJ8: 0 | EK8: 0 | EL8: 0 | EM8: 0 | EN8: 0 | EO8: 0 | EP8: 0 | EQ8: 0 | ER8: 0 | ES8: 0 | ET8: 0 | EU8: 0 | EV8: 0 | EW8: 0 | EX8: 0 | EY8: 0 | EZ8: 0 | FA8: 0 | FB8: 0 | FC8: 0 | FD8: 0 | FE8: 0 | FF8: 0 | FG8: 0 | FH8: 0 | FI8: 0 | FJ8: 0 | FK8: 0 | FL8: 0 | FM8: 0 | FN8: 0
A9: ACT:ext | B9: 0 | C9: 0 | D9: 0 | E9: 0 | F9: 0 | G9: 0 | H9: 0 | I9: 0 | J9: 0 | K9: 0 | L9: 0 | M9: 0 | N9: 0 | O9: 0 | P9: 0 | Q9: 0 | R9: 0 | S9: 0 | T9: 0 | U9: 0 | V9: 0 | W9: 0 | X9: 0 | Y9: 0 | Z9: 0 | AA9: 0 | AB9: 0 | AC9: 0 | AD9: 0 | AE9: 0 | AF9: 0 | AG9: 0 | AH9: 0 | AI9: 0 | AJ9: 0 | AK9: 0 | AL9: 0 | AM9: 0 | AN9: 0 | AO9: 0 | AP9: 0 | AQ9: 0 | AR9: 0 | AS9: 0 | AT9: 0 | AU9: 0 | AV9: 0 | AW9: 0 | AX9: 0 | AY9: 0 | AZ9: 0 | BA9: 0 | BB9: 0 | BC9: 0 | BD9: 0 | BE9: 0 | BF9: 0 | BG9: 0 | BH9: 0 | BI9: 0 | BJ9: 0 | BK9: 0 | BL9: 0 | BM9: 0 | BN9: 0 | BO9: 0 | BP9: 0 | BQ9: 0 | BR9: 0 | BS9: 0 | BT9: 0 | BU9: 0 | BV9: 0 | BW9: 0 | BX9: 0 | BY9: 0 | BZ9: 0 | CA9: 0 | CB9: 0 | CC9: 0 | CD9: 0 | CE9: 0 | CF9: 0 | CG9: 0 | CH9: 0 | CI9: 0 | CJ9: 0 | CK9: 0 | CL9: 0 | CM9: 0 | CN9: 0 | CO9: 0 | CP9: 0 | CQ9: 0 | CR9: 0 | CS9: 0 | CT9: 0 | CU9: 0 | CV9: 0 | CW9: 0 | CX9: 0 | CY9: 0 | CZ9: 0 | DA9: 0 | DB9: 0 | DC9: 0 | DD9: 0 | DE9: 0 | DF9: 0 | DG9: 0 | DH9: 0 | DI9: -1 | DJ9: 0 | DK9: 0 | DL9: 0 | DM9: 0 | DN9: 0 | DO9: 0 | DP9: 0 | DQ9: 0 | DR9: 0 | DS9: 0 | DT9: 0 | DU9: 0 | DV9: 0 | DW9: 0 | DX9: 0 | DY9: 0 | DZ9: 0 | EA9: 0 | EB9: 0 | EC9: 0 | ED9: 0 | EE9: 0 | EF9: 0 | EG9: 0 | EH9: 0 | EI9: 0 | EJ9: 0 | EK9: 0 | EL9: 0 | EM9: 0 | EN9: 0 | EO9: 0 | EP9: 0 | EQ9: 0 | ER9: 0 | ES9: 0 | ET9: 0 | EU9: 0 | EV9: 0 | EW9: 0 | EX9: 0 | EY9: 0 | EZ9: 0 | FA9: 0 | FB9: 0 | FC9: 0 | FD9: 0 | FE9: 0 | FF9: 0 | FG9: 0 | FH9: 0 | FI9: 0 | FJ9: 0 | FK9: -1 | FL9: 0 | FM9: 0 | FN9: 0
A10: ACT:mit | B10: 0 | C10: 0 | D10: 0 | E10: 0 | F10: 0 | G10: 0 | H10: 0 | I10: 0 | J10: 0 | K10: 0 | L10: 0 | M10: 1 | N10: 0 | O10: 0 | P10: 0 | Q10: 0 | R10: 0 | S10: 0 | T10: 0 | U10: 0 | V10: 0 | W10: 0 | X10: 0 | Y10: 0 | Z10: 0 | AA10: 0 | AB10: 0 | AC10: 0 | AD10: 0 | AE10: 0 | AF10: 0 | AG10: 0 | AH10: 0 | AI10: 0 | AJ10: 0 | AK10: 0 | AL10: 0 | AM10: 0 | AN10: 0 | AO10: 0 | AP10: 0 | AQ10: 0 | AR10: 0 | AS10: 0 | AT10: 0 | AU10: 0 | AV10: 0 | AW10: 0 | AX10: 0 | AY10: 0 | AZ10: 0 | BA10: 0 | BB10: 0 | BC10: 0 | BD10: 0 | BE10: 0 | BF10: 0 | BG10: 0 | BH10: 0 | BI10: 0 | BJ10: 0 | BK10: 0 | BL10: 0 | BM10: 0 | BN10: 0 | BO10: 0 | BP10: 0 | BQ10: 0 | BR10: 0 | BS10: 0 | BT10: 0 | BU10: 0 | BV10: 0 | BW10: 0 | BX10: 0 | BY10: 0 | BZ10: 0 | CA10: 0 | CB10: 0 | CC10: 0 | CD10: 0 | CE10: 0 | CF10: 0 | CG10: 0 | CH10: 0 | CI10: 0 | CJ10: 0 | CK10: 0 | CL10: 0 | CM10: 0 | CN10: 0 | CO10: 0 | CP10: 0 | CQ10: 0 | CR10: 0 | CS10: 0 | CT10: 0 | CU10: 0 | CV10: 0 | CW10: 0 | CX10: 0 | CY10: 0 | CZ10: 0 | DA10: 0 | DB10: 0 | DC10: 0 | DD10: 0 | DE10: 0 | DF10: 0 | DG10: 0 | DH10: 0 | DI10: 0 | DJ10: 0 | DK10: 0 | DL10: 0 | DM10: 0 | DN10: 0 | DO10: 0 | DP10: 0 | DQ10: 0 | DR10: 0 | DS10: 0 | DT10: 0 | DU10: 0 | DV10: 1 | DW10: 1 | DX10: 0 | DY10: 0 | DZ10: 0 | EA10: 0 | EB10: 0 | EC10: 0 | ED10: 0 | EE10: 0 | EF10: 0 | EG10: 0 | EH10: 0 | EI10: 0 | EJ10: 0 | EK10: 0 | EL10: 0 | EM10: 0 | EN10: 0 | EO10: 0 | EP10: 0 | EQ10: 0 | ER10: 0 | ES10: 0 | ET10: 0 | EU10: 0 | EV10: 0 | EW10: 0 | EX10: 0 | EY10: 0 | EZ10: 0 | FA10: 0 | FB10: 0 | FC10: 0 | FD10: 0 | FE10: 0 | FF10: 0 | FG10: 0 | FH10: 0 | FI10: 0 | FJ10: 0 | FK10: 0 | FL10: 0 | FM10: 0 | FN10: 0
A11: ACTAL:cyt | B11: 0 | C11: 0 | D11: 0 | E11: 0 | F11: 0 | G11: 0 | H11: 0 | I11: 0 | J11: 0 | K11: -1 | L11: -1 | M11: 0 | N11: -1 | O11: 0 | P11: 0 | Q11: 0 | R11: 0 | S11: 0 | T11: 0 | U11: 0 | V11: 0 | W11: 0 | X11: 0 | Y11: 0 | Z11: 0 | AA11: 0 | AB11: 0 | AC11: 0 | AD11: 0 | AE11: 0 | AF11: 0 | AG11: 0 | AH11: 0 | AI11: 0 | AJ11: 0 | AK11: 0 | AL11: 1 | AM11: -1 | AN11: 0 | AO11: 0 | AP11: 0 | AQ11: 0 | AR11: 0 | AS11: 0 | AT11: 0 | AU11: 0 | AV11: 0 | AW11: 0 | AX11: 0 | AY11: 0 | AZ11: 0 | BA11: 0 | BB11: 0 | BC11: 0 | BD11: 0 | BE11: 0 | BF11: 0 | BG11: 0 | BH11: 0 | BI11: 0 | BJ11: 0 | BK11: 0 | BL11: 0 | BM11: 0 | BN11: 0 | BO11: 0 | BP11: 0 | BQ11: 0 | BR11: 0 | BS11: 0 | BT11: 0 | BU11: 0 | BV11: 0 | BW11: 0 | BX11: 0 | BY11: 0 | BZ11: 0 | CA11: 0 | CB11: 0 | CC11: 0 | CD11: 0 | CE11: 0 | CF11: 0 | CG11: 0 | CH11: 0 | CI11: 0 | CJ11: 0 | CK11: 0 | CL11: 0 | CM11: 0 | CN11: 0 | CO11: 0 | CP11: 0 | CQ11: 0 | CR11: 0 | CS11: 0 | CT11: 0 | CU11: 0 | CV11: 1 | CW11: 0 | CX11: 0 | CY11: 0 | CZ11: 0 | DA11: 0 | DB11: 0 | DC11: 0 | DD11: 0 | DE11: 0 | DF11: 0 | DG11: 0 | DH11: 0 | DI11: 0 | DJ11: 0 | DK11: 0 | DL11: 0 | DM11: 0 | DN11: 0 | DO11: 0 | DP11: 0 | DQ11: 0 | DR11: 0 | DS11: 0 | DT11: 0 | DU11: 0 | DV11: 0 | DW11: 0 | DX11: 0 | DY11: 0 | DZ11: 0 | EA11: 0 | EB11: 0 | EC11: 0 | ED11: 0 | EE11: 0 | EF11: 0 | EG11: 0 | EH11: 0 | EI11: 0 | EJ11: 0 | EK11: 0 | EL11: 0 | EM11: 0 | EN11: 0 | EO11: 0 | EP11: 0 | EQ11: 0 | ER11: 0 | ES11: 0 | ET11: 0 | EU11: 0 | EV11: 0 | EW11: 0 | EX11: 0 | EY11: 0 | EZ11: 0 | FA11: 0 | FB11: 0 | FC11: 0 | FD11: 0 | FE11: 0 | FF11: 0 | FG11: 0 | FH11: 0 | FI11: 0 | FJ11: 0 | FK11: 0 | FL11: 0 | FM11: 0 | FN11: 0
A12: ACTAL:mit | B12: 0 | C12: 0 | D12: 0 | E12: 0 | F12: 0 | G12: 0 | H12: 0 | I12: 0 | J12: 0 | K12: 0 | L12: 0 | M12: 0 | N12: 1 | O12: 0 | P12: 0 | Q12: 0 | R12: 0 | S12: 0 | T12: 0 | U12: 0 | V12: 0 | W12: 0 | X12: 0 | Y12: 0 | Z12: 0 | AA12: 0 | AB12: 0 | AC12: 0 | AD12: 0 | AE12: 0 | AF12: 0 | AG12: 0 | AH12: 0 | AI12: 0 | AJ12: 0 | AK12: 0 | AL12: 0 | AM12: 0 | AN12: 0 | AO12: 0 | AP12: 0 | AQ12: 0 | AR12: 0 | AS12: 0 | AT12: 0 | AU12: 0 | AV12: 0 | AW12: 0 | AX12: 0 | AY12: 0 | AZ12: 0 | BA12: 0 | BB12: 0 | BC12: 0 | BD12: 0 | BE12: 0 | BF12: 0 | BG12: 0 | BH12: 0 | BI12: 0 | BJ12: 0 | BK12: 0 | BL12: 0 | BM12: 0 | BN12: 0 | BO12: 0 | BP12: 0 | BQ12: 0 | BR12: 0 | BS12: 0 | BT12: 0 | BU12: 0 | BV12: 0 | BW12: 0 | BX12: 0 | BY12: 0 | BZ12: 0 | CA12: 0 | CB12: 0 | CC12: 0 | CD12: 0 | CE12: 0 | CF12: 0 | CG12: 0 | CH12: 0 | CI12: 0 | CJ12: 0 | CK12: 0 | CL12: 0 | CM12: 0 | CN12: 0 | CO12: 0 | CP12: 0 | CQ12: 0 | CR12: 0 | CS12: 0 | CT12: 0 | CU12: 0 | CV12: 0 | CW12: 0 | CX12: 0 | CY12: 0 | CZ12: 0 | DA12: 0 | DB12: 0 | DC12: 0 | DD12: 0 | DE12: 0 | DF12: 0 | DG12: 0 | DH12: 0 | DI12: 0 | DJ12: 0 | DK12: 0 | DL12: 0 | DM12: 0 | DN12: 0 | DO12: 0 | DP12: 0 | DQ12: 0 | DR12: 0 | DS12: 0 | DT12: 0 | DU12: 0 | DV12: -1 | DW12: -1 | DX12: 0 | DY12: -1 | DZ12: 0 | EA12: 0 | EB12: 0 | EC12: 0 | ED12: 0 | EE12: 0 | EF12: 0 | EG12: 0 | EH12: 0 | EI12: 0 | EJ12: 0 | EK12: 0 | EL12: 0 | EM12: 0 | EN12: 0 | EO12: 0 | EP12: 0 | EQ12: 0 | ER12: 0 | ES12: 0 | ET12: 0 | EU12: 0 | EV12: 0 | EW12: 0 | EX12: 0 | EY12: 0 | EZ12: 0 | FA12: 0 | FB12: 0 | FC12: 0 | FD12: 0 | FE12: 0 | FF12: 0 | FG12: 0 | FH12: 0 | FI12: 0 | FJ12: 0 | FK12: 0 | FL12: 0 | FM12: 0 | FN12: 0
A13: ADP:cyt | B13: -1 | C13: 0 | D13: 0 | E13: 0 | F13: -1 | G13: 0 | H13: 1 | I13: 1 | J13: 0 | K13: 0 | L13: 0 | M13: 0 | N13: 0 | O13: 4 | P13: 0 | Q13: 2 | R13: 1 | S13: 0 | T13: 1 | U13: 1 | V13: 0 | W13: 0 | X13: 0 | Y13: 0 | Z13: 1 | AA13: 2 | AB13: 1 | AC13: 0 | AD13: 1 | AE13: 0 | AF13: 1 | AG13: 0 | AH13: 0 | AI13: 0 | AJ13: 0 | AK13: 0 | AL13: 0 | AM13: 0 | AN13: 0 | AO13: 0 | AP13: 0 | AQ13: 0 | AR13: 0 | AS13: 0 | AT13: 0 | AU13: 0 | AV13: 1 | AW13: 0 | AX13: 1 | AY13: 0 | AZ13: 1 | BA13: 0 | BB13: 0 | BC13: 0 | BD13: 0 | BE13: 0 | BF13: 0 | BG13: 0 | BH13: 0 | BI13: 0 | BJ13: 0 | BK13: 0 | BL13: 0 | BM13: 0 | BN13: 0 | BO13: 0 | BP13: 0 | BQ13: 0 | BR13: 0 | BS13: 0 | BT13: 0 | BU13: 0 | BV13: 0 | BW13: 1 | BX13: 0 | BY13: 0 | BZ13: 0 | CA13: 0 | CB13: 0 | CC13: 0 | CD13: 0 | CE13: 0 | CF13: 0 | CG13: 1 | CH13: 2 | CI13: 0 | CJ13: -1 | CK13: 0 | CL13: 0 | CM13: 0 | CN13: 0 | CO13: 0 | CP13: 1 | CQ13: 1 | CR13: 0 | CS13: 0 | CT13: 0 | CU13: 0 | CV13: 0 | CW13: 1 | CX13: 0 | CY13: 0 | CZ13: 0 | DA13: 0 | DB13: 0 | DC13: 0 | DD13: 0 | DE13: 1 | DF13: 1 | DG13: 0 | DH13: 0 | DI13: 0 | DJ13: 1 | DK13: 0 | DL13: 0 | DM13: 0 | DN13: 0 | DO13: 0 | DP13: 0 | DQ13: 0 | DR13: 0 | DS13: 0 | DT13: 0 | DU13: 0 | DV13: 0 | DW13: 0 | DX13: 0 | DY13: 0 | DZ13: 0 | EA13: 0 | EB13: 0 | EC13: 0 | ED13: 0 | EE13: 0 | EF13: 0 | EG13: 0 | EH13: 0 | EI13: 0 | EJ13: 0 | EK13: 0 | EL13: 0 | EM13: 0 | EN13: 0 | EO13: 0 | EP13: 0 | EQ13: 0 | ER13: 0 | ES13: 0 | ET13: 0 | EU13: 0 | EV13: 0 | EW13: 0 | EX13: 0 | EY13: 0 | EZ13: 0 | FA13: 0 | FB13: 0 | FC13: 0 | FD13: 0 | FE13: 0 | FF13: 0 | FG13: 0 | FH13: 0 | FI13: 0 | FJ13: 0 | FK13: 0 | FL13: 0 | FM13: 0 | FN13: 1
... A26: biom:ext | B26: 0 | C26: 1 | D26: 1 | E26: 1 | F26: 0 | G26: 0 | H26: 0 | I26: 0 | J26: 0 | K26: 0 | L26: 0 | M26: 0 | N26: 0 | O26: 0 | P26: 0 | Q26: 0 | R26: 0 | S26: 0 | T26: 0 | U26: 0 | V26: 0 | W26: 0 | X26: 0 | Y26: 0 | Z26: 0 | AA26: 0 | AB26: 0 | AC26: 0 | AD26: 0 | AE26: 0 | AF26: 0 | AG26: 0 | AH26: 0 | AI26: 0 | AJ26: 0 | AK26: 0 | AL26: 0 | AM26: 0 | AN26: 0 | AO26: 0 | AP26: 0 | AQ26: 0 | AR26: 0 | AS26: 0 | AT26: 0 | AU26: 0 | AV26: 0 | AW26: 0 | AX26: 0 | AY26: 0 | AZ26: 0 | BA26: 0 | BB26: 0 | BC26: 0 | BD26: 0 | BE26: 0 | BF26: 0 | BG26: 0 | BH26: 0 | BI26: 0 | BJ26: 0 | BK26: 0 | BL26: 0 | BM26: 0 | BN26: 0 | BO26: 0 | BP26: 0 | BQ26: 0 | BR26: 0 | BS26: 0 | BT26: 0 | BU26: 0 | BV26: 0 | BW26: 0 | BX26: 0 | BY26: 0 | BZ26: 0 | CA26: 0 | CB26: 0 | CC26: 0 | CD26: 0 | CE26: 0 | CF26: 0 | CG26: 0 | CH26: 0 | CI26: 0 | CJ26: 0 | CK26: 0 | CL26: 0 | CM26: 0 | CN26: 0 | CO26: 0 | CP26: 0 | CQ26: 0 | CR26: 0 | CS26: 0 | CT26: 0 | CU26: 0 | CV26: 0 | CW26: 0 | CX26: 0 | CY26: 0 | CZ26: 0 | DA26: 0 | DB26: 0 | DC26: 0 | DD26: 0 | DE26: 0 | DF26: 0 | DG26: 0 | DH26: 0 | DI26: 0 | DJ26: 0 | DK26: 0 | DL26: 0 | DM26: 0 | DN26: 0 | DO26: 0 | DP26: 0 | DQ26: 0 | DR26: 0 | DS26: 0 | DT26: 0 | DU26: 0 | DV26: 0 | DW26: 0 | DX26: 0 | DY26: 0 | DZ26: 0 | EA26: 0 | EB26: 0 | EC26: 0 | ED26: 0 | EE26: 0 | EF26: 0 | EG26: 0 | EH26: 0 | EI26: 0 | EJ26: 0 | EK26: 0 | EL26: 0 | EM26: 0 | EN26: 0 | EO26: 0 | EP26: 0 | EQ26: 0 | ER26: 0 | ES26: 0 | ET26: 0 | EU26: 0 | EV26: 0 | EW26: 0 | EX26: 0 | EY26: 0 | EZ26: 0 | FA26: 0 | FB26: 0 | FC26: 0 | FD26: 0 | FE26: 0 | FF26: 0 | FG26: 0 | FH26: 0 | FI26: 0 | FJ26: 0 | FK26: 0 | FL26: 0 | FM26: -1 | FN26: 0
A27: CARBHYD:cyt | B27: 0 | C27: =-Cmol!AJ6 -> -0.19613572 | D27: =-Cmol!AK6 -> -0.30786956 | E27: =-Cmol!AL6 -> -0.25758111 | F27: 0 | G27: 0 | H27: 0 | I27: 0 | J27: 0 | K27: 0 | L27: 0 | M27: 0 | N27: 0 | O27: 0 | P27: 0 | Q27: 0 | R27: 0 | S27: 0 | T27: 0 | U27: 0 | V27: 0 | W27: 0 | X27: 0 | Y27: 0 | Z27: 6 | AA27: 0 | AB27: 0 | AC27: 0 | AD27: 0 | AE27: 0 | AF27: 0 | AG27: 0 | AH27: 0 | AI27: 0 | AJ27: 0 | AK27: 0 | AL27: 0 | AM27: 0 | AN27: 0 | AO27: 0 | AP27: 0 | AQ27: 0 | AR27: 0 | AS27: 0 | AT27: 0 | AU27: 0 | AV27: 0 | AW27: 0 | AX27: 0 | AY27: 0 | AZ27: 0 | BA27: 0 | BB27: 0 | BC27: 0 | BD27: 0 | BE27: 0 | BF27: 0 | BG27: 0 | BH27: 0 | BI27: 0 | BJ27: 0 | BK27: 0 | BL27: 0 | BM27: 0 | BN27: 0 | BO27: 0 | BP27: 0 | BQ27: 0 | BR27: 0 | BS27: 0 | BT27: 0 | BU27: 0 | BV27: 0 | BW27: 0 | BX27: 0 | BY27: 0 | BZ27: 0 | CA27: 0 | CB27: 0 | CC27: 0 | CD27: 0 | CE27: 0 | CF27: 0 | CG27: 0 | CH27: 0 | CI27: 0 | CJ27: 0 | CK27: 0 | CL27: 0 | CM27: 0 | CN27: 0 | CO27: 0 | CP27: 0 | CQ27: 0 | CR27: 0 | CS27: 0 | CT27: 0 | CU27: 0 | CV27: 0 | CW27: 0 | CX27: 0 | CY27: 0 | CZ27: 0 | DA27: 0 | DB27: 0 | DC27: 0 | DD27: 0 | DE27: 0 | DF27: 0 | DG27: 0 | DH27: 0 | DI27: 0 | DJ27: 0 | DK27: 0 | DL27: 0 | DM27: 0 | DN27: 0 | DO27: 0 | DP27: 0 | DQ27: 0 | DR27: 0 | DS27: 0 | DT27: 0 | DU27: 0 | DV27: 0 | DW27: 0 | DX27: 0 | DY27: 0 | DZ27: 0 | EA27: 0 | EB27: 0 | EC27: 0 | ED27: 0 | EE27: 0 | EF27: 0 | EG27: 0 | EH27: 0 | EI27: 0 | EJ27: 0 | EK27: 0 | EL27: 0 | EM27: 0 | EN27: 0 | EO27: 0 | EP27: 0 | EQ27: 0 | ER27: 0 | ES27: 0 | ET27: 0 | EU27: 0 | EV27: 0 | EW27: 0 | EX27: 0 | EY27: 0 | EZ27: 0 | FA27: 0 | FB27: 0 | FC27: 0 | FD27: 0 | FE27: 0 | FF27: 0 | FG27: 0 | FH27: 0 | FI27: 0 | FJ27: 0 | FK27: 0 | FL27: 0 | FM27: 0 | FN27: 0
A28: CARP:cyt | B28: 0 | C28: 0 | D28: 0 | E28: 0 | F28: 0 | G28: 0 | H28: 0 | I28: 0 | J28: 0 | K28: 0 | L28: 0 | M28: 0 | N28: 0 | O28: 0 | P28: 0 | Q28: 0 | R28: 0 | S28: -1 | T28: 0 | U28: 0 | V28: 0 | W28: 0 | X28: 0 | Y28: 0 | Z28: 0 | AA28: 1 | AB28: 0 | AC28: 0 | AD28: 0 | AE28: 0 | AF28: 0 | AG28: 0 | AH28: 0 | AI28: 0 | AJ28: 0 | AK28: 0 | AL28: 0 | AM28: 0 | AN28: 0 | AO28: 0 | AP28: 0 | AQ28: 0 | AR28: 0 | AS28: 0 | AT28: 0 | AU28: 0 | AV28: 0 | AW28: 0 | AX28: 0 | AY28: 0 | AZ28: 0 | BA28: 0 | BB28: 0 | BC28: 0 | BD28: 0 | BE28: 0 | BF28: 0 | BG28: 0 | BH28: 0 | BI28: 0 | BJ28: 0 | BK28: 0 | BL28: 0 | BM28: 0 | BN28: 0 | BO28: 0 | BP28: 0 | BQ28: 0 | BR28: 0 | BS28: 0 | BT28: 0 | BU28: 0 | BV28: 0 | BW28: 0 | BX28: 0 | BY28: 0 | BZ28: 0 | CA28: 0 | CB28: 0 | CC28: 0 | CD28: 0 | CE28: 0 | CF28: 0 | CG28: 0 | CH28: 0 | CI28: 0 | CJ28: 0 | CK28: 0 | CL28: 0 | CM28: 0 | CN28: 0 | CO28: 0 | CP28: 0 | CQ28: 0 | CR28: 0 | CS28: 0 | CT28: 0 | CU28: 0 | CV28: 0 | CW28: 0 | CX28: 0 | CY28: 0 | CZ28: 0 | DA28: 0 | DB28: 0 | DC28: 0 | DD28: 0 | DE28: 0 | DF28: 0 | DG28: -1 | DH28: 0 | DI28: 0 | DJ28: 0 | DK28: 0 | DL28: 0 | DM28: 0 | DN28: 0 | DO28: 0 | DP28: 0 | DQ28: 0 | DR28: 0 | DS28: 0 | DT28: 0 | DU28: 0 | DV28: 0 | DW28: 0 | DX28: 0 | DY28: 0 | DZ28: 0 | EA28: 0 | EB28: 0 | EC28: 0 | ED28: 0 | EE28: 0 | EF28: 0 | EG28: 0 | EH28: 0 | EI28: 0 | EJ28: 0 | EK28: 0 | EL28: 0 | EM28: 0 | EN28: 0 | EO28: 0 | EP28: 0 | EQ28: 0 | ER28: 0 | ES28: 0 | ET28: 0 | EU28: 0 | EV28: 0 | EW28: 0 | EX28: 0 | EY28: 0 | EZ28: 0 | FA28: 0 | FB28: 0 | FC28: 0 | FD28: 0 | FE28: 0 | FF28: 0 | FG28: 0 | FH28: 0 | FI28: 0 | FJ28: 0 | FK28: 0 | FL28: 0 | FM28: 0 | FN28: 0
A29: CDP:cyt | B29: 0 | C29: 0 | D29: 0 | E29: 0 | F29: 0 | G29: 0 | H29: 0 | I29: 0 | J29: 0 | K29: 0 | L29: 0 | M29: 0 | N29: 0 | O29: 0 | P29: 0 | Q29: 0 | R29: 0 | S29: 0 | T29: 0 | U29: 0 | V29: 0 | W29: 0 | X29: 0 | Y29: 0 | Z29: 0 | AA29: 0 | AB29: -1 | AC29: 0 | AD29: 1 | AE29: 0 | AF29: 0 | AG29: 0 | AH29: 0 | AI29: 0 | AJ29: 0 | AK29: 0 | AL29: 0 | AM29: 0 | AN29: 0 | AO29: 0 | AP29: 0 | AQ29: 0 | AR29: 0 | AS29: 0 | AT29: 0 | AU29: 0 | AV29: 0 | AW29: 0 | AX29: 0 | AY29: 0 | AZ29: 0 | BA29: 0 | BB29: 0 | BC29: 0 | BD29: 0 | BE29: 0 | BF29: 0 | BG29: 0 | BH29: 0 | BI29: 0 | BJ29: 0 | BK29: 0 | BL29: 0 | BM29: 0 | BN29: 0 | BO29: 0 | BP29: 0 | BQ29: 0 | BR29: 0 | BS29: 0 | BT29: 0 | BU29: 0 | BV29: 0 | BW29: 0 | BX29: 0 | BY29: 0 | BZ29: 0 | CA29: 0 | CB29: 0 | CC29: 0 | CD29: 0 | CE29: 0 | CF29: 0 | CG29: 0 | CH29: 0 | CI29: 0 | CJ29: 0 | CK29: 0 | CL29: 0 | CM29: 0 | CN29: 0 | CO29: 0 | CP29: 0 | CQ29: 0 | CR29: 0 | CS29: 0 | CT29: 0 | CU29: 0 | CV29: 0 | CW29: 0 | CX29: 0 | CY29: 0 | CZ29: 0 | DA29: 0 | DB29: 0 | DC29: 0 | DD29: 0 | DE29: 0 | DF29: 0 | DG29: 0 | DH29: 0 | DI29: 0 | DJ29: 0 | DK29: 0 | DL29: 0 | DM29: 0 | DN29: 0 | DO29: 0 | DP29: 0 | DQ29: 0 | DR29: 0 | DS29: 0 | DT29: 0 | DU29: 0 | DV29: 0 | DW29: 0 | DX29: 0 | DY29: 0 | DZ29: 0 | EA29: 0 | EB29: 0 | EC29: 0 | ED29: 0 | EE29: 0 | EF29: 0 | EG29: 0 | EH29: 0 | EI29: 0 | EJ29: 0 | EK29: 0 | EL29: 0 | EM29: 0 | EN29: 0 | EO29: 0 | EP29: 0 | EQ29: 0 | ER29: 0 | ES29: 0 | ET29: 0 | EU29: 0 | EV29: 0 | EW29: 0 | EX29: 0 | EY29: 0 | EZ29: 0 | FA29: 0 | FB29: 0 | FC29: 0 | FD29: 0 | FE29: 0 | FF29: 0 | FG29: 0 | FH29: 0 | FI29: 0 | FJ29: 0 | FK29: 0 | FL29: 0 | FM29: 0 | FN29: 0
A30: CHO:cyt | B30: 0 | C30: 0 | D30: 0 | E30: 0 | F30: 0 | G30: 0 | H30: 0 | I30: 0 | J30: 0 | K30: 0 | L30: 0 | M30: 0 | N30: 0 | O30: 0 | P30: 0 | Q30: 0 | R30: 0 | S30: 0 | T30: 0 | U30: 0 | V30: 0 | W30: 0 | X30: 0 | Y30: 0 | Z30: 0 | AA30: 0 | AB30: 0 | AC30: 0 | AD30: 0 | AE30: 0 | AF30: 0 | AG30: 0 | AH30: 0 | AI30: 0 | AJ30: 0 | AK30: 0 | AL30: 0 | AM30: 0 | AN30: 0 | AO30: 0 | AP30: 0 | AQ30: 0 | AR30: 0 | AS30: 0 | AT30: 0 | AU30: 0 | AV30: 0 | AW30: 0 | AX30: 0 | AY30: 0 | AZ30: 0 | BA30: 0 | BB30: 0 | BC30: 0 | BD30: 0 | BE30: 0 | BF30: 0 | BG30: 0 | BH30: 0 | BI30: 0 | BJ30: 0 | BK30: 0 | BL30: 0 | BM30: 0 | BN30: 0 | BO30: 0 | BP30: 0 | BQ30: 0 | BR30: 0 | BS30: 0 | BT30: 0 | BU30: 0 | BV30: 0 | BW30: 0 | BX30: 0 | BY30: 0 | BZ30: 0 | CA30: 0 | CB30: -1 | CC30: 0 | CD30: 0 | CE30: 0 | CF30: 0 | CG30: 0 | CH30: 0 | CI30: 0 | CJ30: 0 | CK30: 0 | CL30: 0 | CM30: 0 | CN30: 0 | CO30: 0 | CP30: 1 | CQ30: 0 | CR30: 0 | CS30: 0 | CT30: 0 | CU30: 0 | CV30: 0 | CW30: 0 | CX30: 0 | CY30: 0 | CZ30: 0 | DA30: 0 | DB30: 0 | DC30: -1 | DD30: -1 | DE30: 0 | DF30: 0 | DG30: 0 | DH30: 0 | DI30: 0 | DJ30: 0 | DK30: 0 | DL30: 0 | DM30: 0 | DN30: 0 | DO30: 0 | DP30: 0 | DQ30: 0 | DR30: 0 | DS30: 0 | DT30: 0 | DU30: 0 | DV30: 0 | DW30: 0 | DX30: 0 | DY30: 0 | DZ30: 0 | EA30: 0 | EB30: 0 | EC30: 0 | ED30: 0 | EE30: 0 | EF30: 0 | EG30: 0 | EH30: 0 | EI30: 0 | EJ30: 0 | EK30: 0 | EL30: 0 | EM30: 0 | EN30: 0 | EO30: 0 | EP30: 0 | EQ30: 0 | ER30: 0 | ES30: 0 | ET30: 0 | EU30: 0 | EV30: 0 | EW30: 0 | EX30: 0 | EY30: 0 | EZ30: 0 | FA30: 0 | FB30: 0 | FC30: 0 | FD30: 0 | FE30: 0 | FF30: 0 | FG30: 0 | FH30: 0 | FI30: 0 | FJ30: 0 | FK30: 0 | FL30: 0 | FM30: 0 | FN30: 0
A31: CIT:cyt | B31: 0 | C31: 0 | D31: 0 | E31: 0 | F31: 0 | G31: 0 | H31: 0 | I31: 0 | J31: 0 | K31: 0 | L31: 0 | M31: 0 | N31: 0 | O31: 0 | P31: 0 | Q31: 0 | R31: 0 | S31: 0 | T31: 0 | U31: 0 | V31: 0 | W31: 0 | X31: 0 | Y31: 0 | Z31: 0 | AA31: 0 | AB31: 0 | AC31: 1 | AD31: 0 | AE31: 0 | AF31: 0 | AG31: 0 | AH31: 0 | AI31: 0 | AJ31: 0 | AK31: 0 | AL31: 0 | AM31: 0 | AN31: 0 | AO31: 0 | AP31: 0 | AQ31: 0 | AR31: 0 | AS31: 0 | AT31: 0 | AU31: 0 | AV31: 0 | AW31: 0 | AX31: 0 | AY31: 0 | AZ31: 0 | BA31: 0 | BB31: 0 | BC31: 0 | BD31: 0 | BE31: 0 | BF31: 0 | BG31: 0 | BH31: 0 | BI31: 0 | BJ31: 0 | BK31: 0 | BL31: 0 | BM31: 0 | BN31: 0 | BO31: 0 | BP31: 0 | BQ31: 0 | BR31: 0 | BS31: 0 | BT31: 0 | BU31: 0 | BV31: 0 | BW31: 0 | BX31: 0 | BY31: 0 | BZ31: 0 | CA31: 0 | CB31: 0 | CC31: 0 | CD31: 0 | CE31: 0 | CF31: 0 | CG31: 0 | CH31: 0 | CI31: 0 | CJ31: 0 | CK31: 0 | CL31: 0 | CM31: 0 | CN31: 0 | CO31: 0 | CP31: 0 | CQ31: 0 | CR31: 0 | CS31: 0 | CT31: 0 | CU31: 0 | CV31: 0 | CW31: 0 | CX31: 0 | CY31: 0 | CZ31: 0 | DA31: -1 | DB31: 0 | DC31: 0 | DD31: 0 | DE31: 0 | DF31: 0 | DG31: 0 | DH31: 0 | DI31: 0 | DJ31: 0 | DK31: 0 | DL31: 0 | DM31: 0 | DN31: 0 | DO31: 0 | DP31: 0 | DQ31: 0 | DR31: 0 | DS31: 0 | DT31: 0 | DU31: 0 | DV31: 0 | DW31: 0 | DX31: 0 | DY31: 0 | DZ31: 0 | EA31: 0 | EB31: 0 | EC31: 0 | ED31: 0 | EE31: 0 | EF31: 0 | EG31: 0 | EH31: 0 | EI31: 0 | EJ31: 0 | EK31: 0 | EL31: 0 | EM31: 0 | EN31: 0 | EO31: 0 | EP31: 0 | EQ31: 0 | ER31: 0 | ES31: 0 | ET31: 0 | EU31: 0 | EV31: 0 | EW31: 0 | EX31: 0 | EY31: 0 | EZ31: 0 | FA31: 0 | FB31: 0 | FC31: 0 | FD31: 0 | FE31: 0 | FF31: 0 | FG31: 0 | FH31: 0 | FI31: 0 | FJ31: 0 | FK31: 0 | FL31: 0 | FM31: 0 | FN31: 0
A32: CIT:mit | B32: 0 | C32: 0 | D32: 0 | E32: 0 | F32: 0 | G32: 0 | H32: 0 | I32: 0 | J32: 0 | K32: 0 | L32: 0 | M32: 0 | N32: 0 | O32: 0 | P32: 0 | Q32: 0 | R32: 0 | S32: 0 | T32: 0 | U32: 0 | V32: 0 | W32: 0 | X32: 0 | Y32: 0 | Z32: 0 | AA32: 0 | AB32: 0 | AC32: 0 | AD32: 0 | AE32: 0 | AF32: 0 | AG32: 0 | AH32: 0 | AI32: 0 | AJ32: 0 | AK32: 0 | AL32: 0 | AM32: 0 | AN32: 0 | AO32: 0 | AP32: 0 | AQ32: 0 | AR32: 0 | AS32: 0 | AT32: 0 | AU32: 0 | AV32: 0 | AW32: 0 | AX32: 0 | AY32: 0 | AZ32: 0 | BA32: 0 | BB32: 0 | BC32: 0 | BD32: 0 | BE32: 0 | BF32: 0 | BG32: 0 | BH32: 0 | BI32: 0 | BJ32: 0 | BK32: 0 | BL32: 0 | BM32: 0 | BN32: 0 | BO32: 0 | BP32: 0 | BQ32: 0 | BR32: 0 | BS32: 0 | BT32: 0 | BU32: 0 | BV32: 0 | BW32: 0 | BX32: 0 | BY32: 0 | BZ32: 0 | CA32: 0 | CB32: 0 | CC32: 0 | CD32: 0 | CE32: 0 | CF32: 0 | CG32: 0 | CH32: 0 | CI32: 0 | CJ32: 0 | CK32: 0 | CL32: 0 | CM32: 0 | CN32: 0 | CO32: 0 | CP32: 0 | CQ32: 0 | CR32: 0 | CS32: 0 | CT32: 0 | CU32: 0 | CV32: 0 | CW32: 0 | CX32: 0 | CY32: 0 | CZ32: 0 | DA32: 1 | DB32: 0 | DC32: 0 | DD32: 0 | DE32: 0 | DF32: 0 | DG32: 0 | DH32: 0 | DI32: 0 | DJ32: 0 | DK32: 0 | DL32: 0 | DM32: 0 | DN32: 0 | DO32: 0 | DP32: 0 | DQ32: 0 | DR32: 0 | DS32: 0 | DT32: -1 | DU32: 0 | DV32: 0 | DW32: 0 | DX32: 0 | DY32: 0 | DZ32: 0 | EA32: 0 | EB32: 0 | EC32: 0 | ED32: 0 | EE32: 0 | EF32: 0 | EG32: 0 | EH32: 0 | EI32: 0 | EJ32: 0 | EK32: 0 | EL32: 0 | EM32: 0 | EN32: 0 | EO32: 0 | EP32: 0 | EQ32: 0 | ER32: 0 | ES32: 0 | ET32: 0 | EU32: 0 | EV32: 0 | EW32: 0 | EX32: 0 | EY32: 0 | EZ32: 0 | FA32: 0 | FB32: 0 | FC32: 0 | FD32: 0 | FE32: 0 | FF32: 0 | FG32: 0 | FH32: 0 | FI32: 0 | FJ32: 0 | FK32: 0 | FL32: 0 | FM32: 0 | FN32: 0
A33: CMP:cyt | B33: 0 | C33: 0 | D33: 0 | E33: 0 | F33: 0 | G33: 0 | H33: 0 | I33: 0 | J33: 0 | K33: 0 | L33: 0 | M33: 0 | N33: 0 | O33: 0 | P33: 0 | Q33: 0 | R33: 0 | S33: 0 | T33: 0 | U33: 0 | V33: 0 | W33: 0 | X33: 0 | Y33: 0 | Z33: 0 | AA33: 0 | AB33: 0 | AC33: 0 | AD33: -1 | AE33: 0 | AF33: 0 | AG33: 0 | AH33: 0 | AI33: 0 | AJ33: 0 | AK33: 0 | AL33: 0 | AM33: 0 | AN33: 0 | AO33: 0 | AP33: 0 | AQ33: 0 | AR33: 0 | AS33: 0 | AT33: 0 | AU33: 0 | AV33: 0 | AW33: 0 | AX33: 0 | AY33: 0 | AZ33: 0 | BA33: 0 | BB33: 0 | BC33: 0 | BD33: 0 | BE33: 0 | BF33: 0 | BG33: 0 | BH33: 0 | BI33: 0 | BJ33: 0 | BK33: 0 | BL33: 0 | BM33: 0 | BN33: 0 | BO33: 0 | BP33: 0 | BQ33: 0 | BR33: 0 | BS33: 0 | BT33: 0 | BU33: 0 | BV33: 0 | BW33: 0 | BX33: 0 | BY33: 0 | BZ33: 0 | CA33: 1 | CB33: 0 | CC33: 0 | CD33: 0 | CE33: 0 | CF33: 0 | CG33: 0 | CH33: 0 | CI33: 0 | CJ33: 0 | CK33: 0 | CL33: 0 | CM33: 0 | CN33: 0 | CO33: 0 | CP33: 0 | CQ33: 0 | CR33: 0 | CS33: 0 | CT33: 0 | CU33: 0 | CV33: 0 | CW33: 0 | CX33: 0 | CY33: 0 | CZ33: 0 | DA33: 0 | DB33: 0 | DC33: 0 | DD33: 0 | DE33: 0 | DF33: 0 | DG33: 0 | DH33: 0 | DI33: 0 | DJ33: 0 | DK33: 0 | DL33: 0 | DM33: 0 | DN33: 0 | DO33: 0 | DP33: 0 | DQ33: 0 | DR33: 0 | DS33: 0 | DT33: 0 | DU33: 0 | DV33: 0 | DW33: 0 | DX33: 0 | DY33: 0 | DZ33: 0 | EA33: 0 | EB33: 0 | EC33: 0 | ED33: 0 | EE33: 0 | EF33: 0 | EG33: 0 | EH33: 0 | EI33: 0 | EJ33: 0 | EK33: 0 | EL33: 0 | EM33: 0 | EN33: 0 | EO33: 0 | EP33: 0 | EQ33: 0 | ER33: 0 | ES33: 0 | ET33: 0 | EU33: 0 | EV33: 0 | EW33: 0 | EX33: 0 | EY33: 0 | EZ33: 0 | FA33: 0 | FB33: 0 | FC33: 0 | FD33: 0 | FE33: 0 | FF33: 0 | FG33: 0 | FH33: 0 | FI33: 0 | FJ33: 0 | FK33: 0 | FL33: 0 | FM33: 0 | FN33: 0
A34: CMP-DGOH:cyt | B34: 0 | C34: 0 | D34: 0 | E34: 0 | F34: 0 | G34: 0 | H34: 0 | I34: 0 | J34: 0 | K34: 0 | L34: 0 | M34: 0 | N34: 0 | O34: 0 | P34: 0 | Q34: 0 | R34: 0 | S34: 0 | T34: 0 | U34: 0 | V34: 0 | W34: 0 | X34: 0 | Y34: 0 | Z34: 0 | AA34: 0 | AB34: 0 | AC34: 0 | AD34: 0 | AE34: 0 | AF34: 0 | AG34: 0 | AH34: 0 | AI34: 0 | AJ34: 0 | AK34: 0 | AL34: 0 | AM34: 0 | AN34: 0 | AO34: 0 | AP34: 0 | AQ34: 0 | AR34: 0 | AS34: 0 | AT34: 0 | AU34: 0 | AV34: 0 | AW34: 0 | AX34: 0 | AY34: 0 | AZ34: 0 | BA34: 0 | BB34: 0 | BC34: 0 | BD34: 0 | BE34: 0 | BF34: 0 | BG34: 0 | BH34: 0 | BI34: 0 | BJ34: 0 | BK34: 0 | BL34: 0 | BM34: 0 | BN34: 0 | BO34: 0 | BP34: 0 | BQ34: 0 | BR34: 0 | BS34: 0 | BT34: 0 | BU34: 0 | BV34: 0 | BW34: 0 | BX34: 1 | BY34: 0 | BZ34: 0 | CA34: -1 | CB34: 0 | CC34: 0 | CD34: 0 | CE34: 0 | CF34: 0 | CG34: 0 | CH34: 0 | CI34: 0 | CJ34: 0 | CK34: 0 | CL34: 0 | CM34: 0 | CN34: 0 | CO34: 0 | CP34: 0 | CQ34: 0 | CR34: 0 | CS34: 0 | CT34: 0 | CU34: 0 | CV34: 0 | CW34: 0 | CX34: 0 | CY34: 0 | CZ34: 0 | DA34: 0 | DB34: 0 | DC34: 0 | DD34: 0 | DE34: 0 | DF34: 0 | DG34: 0 | DH34: 0 | DI34: 0 | DJ34: 0 | DK34: 0 | DL34: 0 | DM34: 0 | DN34: 0 | DO34: 0 | DP34: 0 | DQ34: 0 | DR34: 0 | DS34: 0 | DT34: 0 | DU34: 0 | DV34: 0 | DW34: 0 | DX34: 0 | DY34: 0 | DZ34: 0 | EA34: 0 | EB34: 0 | EC34: 0 | ED34: 0 | EE34: 0 | EF34: 0 | EG34: 0 | EH34: 0 | EI34: 0 | EJ34: 0 | EK34: 0 | EL34: 0 | EM34: 0 | EN34: 0 | EO34: 0 | EP34: 0 | EQ34: 0 | ER34: 0 | ES34: 0 | ET34: 0 | EU34: 0 | EV34: 0 | EW34: 0 | EX34: 0 | EY34: 0 | EZ34: 0 | FA34: 0 | FB34: 0 | FC34: 0 | FD34: 0 | FE34: 0 | FF34: 0 | FG34: 0 | FH34: 0 | FI34: 0 | FJ34: 0 | FK34: 0 | FL34: 0 | FM34: 0 | FN34: 0
A35: CO2:cyt | B35: 0 | C35: 0 | D35: 0 | E35: 0 | F35: 0 | G35: 0 | H35: 0 | I35: -1 | J35: 0 | K35: 0 | L35: 0 | M35: 0 | N35: 0 | O35: -1 | P35: 0 | Q35: 0 | R35: 0 | S35: 0 | T35: 0 | U35: 0 | V35: 0 | W35: 0 | X35: 0 | Y35: 0 | Z35: 0 | AA35: -1 | AB35: 0 | AC35: 0 | AD35: 0 | AE35: 1 | AF35: 0 | AG35: 0 | AH35: 0 | AI35: 0 | AJ35: 0 | AK35: 0 | AL35: 0 | AM35: 0 | AN35: 0 | AO35: 0 | AP35: 0 | AQ35: 0 | AR35: 0 | AS35: 1 | AT35: 0 | AU35: 0 | AV35: 0 | AW35: 0 | AX35: 0 | AY35: 0 | AZ35: 0 | BA35: 0 | BB35: 0 | BC35: 0 | BD35: 0 | BE35: 0 | BF35: 0 | BG35: 0 | BH35: 1 | BI35: 0 | BJ35: 0 | BK35: 0 | BL35: 1 | BM35: 0 | BN35: 0 | BO35: 0 | BP35: 0 | BQ35: 0 | BR35: 0 | BS35: 0 | BT35: 0 | BU35: 0 | BV35: 0 | BW35: 1 | BX35: 0 | BY35: 0 | BZ35: 1 | CA35: 0 | CB35: 1 | CC35: 0 | CD35: 0 | CE35: 7 | CF35: 0 | CG35: 0 | CH35: 0 | CI35: 0 | CJ35: 0 | CK35: 0 | CL35: 0 | CM35: 0 | CN35: 0 | CO35: 0 | CP35: 0 | CQ35: 0 | CR35: 0 | CS35: 0 | CT35: 8 | CU35: 0 | CV35: 0 | CW35: 0 | CX35: 0 | CY35: 0 | CZ35: 0 | DA35: 0 | DB35: 0 | DC35: 1 | DD35: 1 | DE35: 0 | DF35: 0 | DG35: 1 | DH35: 0 | DI35: 0 | DJ35: 0 | DK35: -1 | DL35: 0 | DM35: 0 | DN35: 0 | DO35: 0 | DP35: 0 | DQ35: 0 | DR35: 0 | DS35: 0 | DT35: 0 | DU35: 0 | DV35: 0 | DW35: 0 | DX35: 0 | DY35: 0 | DZ35: 0 | EA35: 0 | EB35: 0 | EC35: 0 | ED35: 0 | EE35: 0 | EF35: 0 | EG35: 0 | EH35: 0 | EI35: 0 | EJ35: 0 | EK35: 0 | EL35: 0 | EM35: 0 | EN35: 0 | EO35: 0 | EP35: 0 | EQ35: 0 | ER35: 0 | ES35: 0 | ET35: 0 | EU35: 0 | EV35: 0 | EW35: 0 | EX35: 0 | EY35: 0 | EZ35: 0 | FA35: 0 | FB35: 0 | FC35: 0 | FD35: 0 | FE35: 0 | FF35: 0 | FG35: 0 | FH35: 0 | FI35: 0 | FJ35: 0 | FK35: 0 | FL35: 0 | FM35: 0 | FN35: 0
A36: CO2:ext | B36: 0 | C36: 0 | D36: 0 | E36: 0 | F36: 0 | G36: 0 | H36: 0 | I36: 0 | J36: 0 | K36: 0 | L36: 0 | M36: 0 | N36: 0 | O36: 0 | P36: 0 | Q36: 0 | R36: 0 | S36: 0 | T36: 0 | U36: 0 | V36: 0 | W36: 0 | X36: 0 | Y36: 0 | Z36: 0 | AA36: 0 | AB36: 0 | AC36: 0 | AD36: 0 | AE36: 0 | AF36: 0 | AG36: 0 | AH36: 0 | AI36: 0 | AJ36: 0 | AK36: 0 | AL36: 0 | AM36: 0 | AN36: 0 | AO36: 0 | AP36: 0 | AQ36: 0 | AR36: 0 | AS36: 0 | AT36: 0 | AU36: 0 | AV36: 0 | AW36: 0 | AX36: 0 | AY36: 0 | AZ36: 0 | BA36: 0 | BB36: 0 | BC36: 0 | BD36: 0 | BE36: 0 | BF36: 0 | BG36: 0 | BH36: 0 | BI36: 0 | BJ36: 0 | BK36: 0 | BL36: 0 | BM36: 0 | BN36: 0 | BO36: 0 | BP36: 0 | BQ36: 0 | BR36: 0 | BS36: 0 | BT36: 0 | BU36: 0 | BV36: 0 | BW36: 0 | BX36: 0 | BY36: 0 | BZ36: 0 | CA36: 0 | CB36: 0 | CC36: 0 | CD36: 0 | CE36: 0 | CF36: 0 | CG36: 0 | CH36: 0 | CI36: 0 | CJ36: 0 | CK36: 0 | CL36: 0 | CM36: 0 | CN36: 0 | CO36: 0 | CP36: 0 | CQ36: 0 | CR36: 0 | CS36: 0 | CT36: 0 | CU36: 0 | CV36: 0 | CW36: 0 | CX36: 0 | CY36: 0 | CZ36: 0 | DA36: 0 | DB36: 0 | DC36: 0 | DD36: 0 | DE36: 0 | DF36: 0 | DG36: 0 | DH36: 0 | DI36: 0 | DJ36: 0 | DK36: 1 | DL36: 0 | DM36: 0 | DN36: 0 | DO36: 0 | DP36: 0 | DQ36: 0 | DR36: 0 | DS36: 0 | DT36: 0 | DU36: 0 | DV36: 0 | DW36: 0 | DX36: 0 | DY36: 0 | DZ36: 0 | EA36: 0 | EB36: 0 | EC36: 0 | ED36: 0 | EE36: 0 | EF36: 0 | EG36: 0 | EH36: 0 | EI36: 0 | EJ36: 0 | EK36: 0 | EL36: 0 | EM36: 0 | EN36: 0 | EO36: 0 | EP36: 0 | EQ36: 0 | ER36: 0 | ES36: 0 | ET36: 0 | EU36: 0 | EV36: 0 | EW36: 0 | EX36: 0 | EY36: 0 | EZ36: 0 | FA36: 0 | FB36: 0 | FC36: 0 | FD36: 0 | FE36: 0 | FF36: 0 | FG36: 0 | FH36: 0 | FI36: 0 | FJ36: -1 | FK36: 0 | FL36: 0 | FM36: 0 | FN36: 0
A37: CO2:mit | B37: 0 | C37: 0 | D37: 0 | E37: 0 | F37: 0 | G37: 0 | H37: 0 | I37: 0 | J37: 0 | K37: 0 | L37: 0 | M37: 0 | N37: 0 | O37: 0 | P37: 0 | Q37: 0 | R37: 0 | S37: 0 | T37: 0 | U37: 0 | V37: 0 | W37: 0 | X37: 0 | Y37: 0 | Z37: 0 | AA37: 0 | AB37: 0 | AC37: 0 | AD37: 0 | AE37: -1 | AF37: 0 | AG37: 0 | AH37: 0 | AI37: 0 | AJ37: 0 | AK37: 0 | AL37: 0 | AM37: 0 | AN37: 0 | AO37: 0 | AP37: 0 | AQ37: 0 | AR37: 0 | AS37: 0 | AT37: 0 | AU37: 0 | AV37: 0 | AW37: 0 | AX37: 0 | AY37: 0 | AZ37: 0 | BA37: 0 | BB37: 0 | BC37: 0 | BD37: 0 | BE37: 0 | BF37: 0 | BG37: 0 | BH37: 0 | BI37: 0 | BJ37: 0 | BK37: 0 | BL37: 0 | BM37: 0 | BN37: 0 | BO37: 0 | BP37: 0 | BQ37: 0 | BR37: 0 | BS37: 0 | BT37: 0 | BU37: 0 | BV37: 0 | BW37: 0 | BX37: 0 | BY37: 0 | BZ37: 0 | CA37: 0 | CB37: 0 | CC37: 0 | CD37: 0 | CE37: 0 | CF37: 0 | CG37: 0 | CH37: 0 | CI37: 0 | CJ37: 0 | CK37: 0 | CL37: 0 | CM37: 0 | CN37: 0 | CO37: 0 | CP37: 0 | CQ37: 0 | CR37: 0 | CS37: 0 | CT37: 0 | CU37: 0 | CV37: 0 | CW37: 0 | CX37: 0 | CY37: 0 | CZ37: 0 | DA37: 0 | DB37: 0 | DC37: 0 | DD37: 0 | DE37: 0 | DF37: 0 | DG37: 0 | DH37: 0 | DI37: 0 | DJ37: 0 | DK37: 0 | DL37: 0 | DM37: 0 | DN37: 0 | DO37: 0 | DP37: 0 | DQ37: 0 | DR37: 0 | DS37: 0 | DT37: 0 | DU37: 0 | DV37: 0 | DW37: 0 | DX37: 0 | DY37: 0 | DZ37: 0 | EA37: 1 | EB37: 1 | EC37: 1 | ED37: 0 | EE37: 0 | EF37: 0 | EG37: 1 | EH37: 1 | EI37: 1 | EJ37: 0 | EK37: 0 | EL37: 0 | EM37: 0 | EN37: 0 | EO37: 0 | EP37: 0 | EQ37: 0 | ER37: 0 | ES37: 0 | ET37: 0 | EU37: 0 | EV37: 0 | EW37: 0 | EX37: 0 | EY37: 0 | EZ37: 0 | FA37: 0 | FB37: 0 | FC37: 0 | FD37: 0 | FE37: 0 | FF37: 0 | FG37: 0 | FH37: 0 | FI37: 0 | FJ37: 0 | FK37: 0 | FL37: 0 | FM37: 0 | FN37: 0
A38: CoA:cyt | B38: 0 | C38: 0 | D38: 0 | E38: 0 | F38: 0 | G38: 0 | H38: 0 | I38: 0 | J38: -1 | K38: 0 | L38: 0 | M38: 0 | N38: 0 | O38: 0 | P38: 0 | Q38: 0 | R38: 0 | S38: 0 | T38: 0 | U38: 0 | V38: 0 | W38: 0 | X38: 0 | Y38: 0 | Z38: 0 | AA38: 0 | AB38: 0 | AC38: 1 | AD38: 0 | AE38: 0 | AF38: 0 | AG38: 0 | AH38: 0 | AI38: 0 | AJ38: 0 | AK38: 0 | AL38: 0 | AM38: 0 | AN38: 0 | AO38: 0 | AP38: 0 | AQ38: 1 | AR38: 0 | AS38: 0 | AT38: 0 | AU38: 0 | AV38: 0 | AW38: 0 | AX38: 0 | AY38: 0 | AZ38: 0 | BA38: 0 | BB38: 0 | BC38: 2 | BD38: 0 | BE38: 1 | BF38: 1 | BG38: 0 | BH38: 0 | BI38: 0 | BJ38: 0 | BK38: 1 | BL38: 0 | BM38: 0 | BN38: 0 | BO38: 0 | BP38: 1 | BQ38: 0 | BR38: 0 | BS38: 0 | BT38: 0 | BU38: 0 | BV38: 0 | BW38: 0 | BX38: 0 | BY38: 0 | BZ38: 0 | CA38: 0 | CB38: 0 | CC38: 0 | CD38: -1 | CE38: 8 | CF38: 0 | CG38: 0 | CH38: 0 | CI38: 0 | CJ38: 0 | CK38: 0 | CL38: 0 | CM38: 0 | CN38: 0 | CO38: 0 | CP38: 0 | CQ38: 0 | CR38: 0 | CS38: -1 | CT38: 9 | CU38: 0 | CV38: 0 | CW38: 0 | CX38: 0 | CY38: 0 | CZ38: 0 | DA38: 0 | DB38: 0 | DC38: 0 | DD38: 0 | DE38: 0 | DF38: 0 | DG38: 0 | DH38: 0 | DI38: 0 | DJ38: 0 | DK38: 0 | DL38: 0 | DM38: 0 | DN38: 0 | DO38: 0 | DP38: 0 | DQ38: 0 | DR38: 0 | DS38: 0 | DT38: 0 | DU38: 0 | DV38: 0 | DW38: 0 | DX38: 0 | DY38: 0 | DZ38: 0 | EA38: 0 | EB38: 0 | EC38: 0 | ED38: 0 | EE38: 0 | EF38: 0 | EG38: 0 | EH38: 0 | EI38: 0 | EJ38: 0 | EK38: 0 | EL38: 0 | EM38: 0 | EN38: 0 | EO38: 0 | EP38: 0 | EQ38: 0 | ER38: 0 | ES38: 0 | ET38: 0 | EU38: 0 | EV38: 0 | EW38: 0 | EX38: 0 | EY38: 0 | EZ38: 0 | FA38: 0 | FB38: 0 | FC38: 0 | FD38: 0 | FE38: 0 | FF38: 0 | FG38: 0 | FH38: 0 | FI38: 0 | FJ38: 0 | FK38: 0 | FL38: 0 | FM38: 0 | FN38: 0
A39: CoA:mit | B39: 0 | C39: 0 | D39: 0 | E39: 0 | F39: 0 | G39: 0 | H39: 0 | I39: 0 | J39: 0 | K39: 0 | L39: 0 | M39: 0 | N39: 0 | O39: 0 | P39: 0 | Q39: 0 | R39: 0 | S39: 0 | T39: 0 | U39: 0 | V39: 0 | W39: 0 | X39: 0 | Y39: 0 | Z39: 0 | AA39: 0 | AB39: 0 | AC39: 0 | AD39: 0 | AE39: 0 | AF39: 0 | AG39: 0 | AH39: 0 | AI39: 0 | AJ39: 0 | AK39: 0 | AL39: 0 | AM39: 0 | AN39: 0 | AO39: 0 | AP39: 0 | AQ39: 0 | AR39: 0 | AS39: 0 | AT39: 0 | AU39: 0 | AV39: 0 | AW39: 0 | AX39: 0 | AY39: 0 | AZ39: 0 | BA39: 0 | BB39: 0 | BC39: 0 | BD39: 0 | BE39: 0 | BF39: 0 | BG39: 0 | BH39: 0 | BI39: 0 | BJ39: 0 | BK39: 0 | BL39: 0 | BM39: 0 | BN39: 0 | BO39: 0 | BP39: 0 | BQ39: 0 | BR39: 0 | BS39: 0 | BT39: 0 | BU39: 0 | BV39: 0 | BW39: 0 | BX39: 0 | BY39: 0 | BZ39: 0 | CA39: 0 | CB39: 0 | CC39: 0 | CD39: 0 | CE39: 0 | CF39: 0 | CG39: 0 | CH39: 0 | CI39: 0 | CJ39: 0 | CK39: 0 | CL39: 0 | CM39: 0 | CN39: 0 | CO39: 0 | CP39: 0 | CQ39: 0 | CR39: 0 | CS39: 0 | CT39: 0 | CU39: 0 | CV39: 0 | CW39: 0 | CX39: 0 | CY39: 0 | CZ39: 0 | DA39: 0 | DB39: 0 | DC39: 0 | DD39: 0 | DE39: 0 | DF39: 0 | DG39: 0 | DH39: 0 | DI39: 0 | DJ39: 0 | DK39: 0 | DL39: 0 | DM39: 0 | DN39: 0 | DO39: 0 | DP39: 0 | DQ39: 0 | DR39: 0 | DS39: 0 | DT39: 0 | DU39: 0 | DV39: 0 | DW39: 0 | DX39: 0 | DY39: 0 | DZ39: 0 | EA39: 0 | EB39: 0 | EC39: 0 | ED39: 0 | EE39: 0 | EF39: 0 | EG39: 0 | EH39: -1 | EI39: 0 | EJ39: 0 | EK39: 0 | EL39: 0 | EM39: 1 | EN39: 0 | EO39: 0 | EP39: 0 | EQ39: 0 | ER39: 0 | ES39: 0 | ET39: 0 | EU39: 0 | EV39: 0 | EW39: 0 | EX39: 0 | EY39: 0 | EZ39: 0 | FA39: 0 | FB39: 0 | FC39: 0 | FD39: 0 | FE39: 0 | FF39: 0 | FG39: 0 | FH39: 0 | FI39: 0 | FJ39: 0 | FK39: 0 | FL39: 0 | FM39: 0 | FN39: 0
... A43: DHF:cyt | B43: 0 | C43: 0 | D43: 0 | E43: 0 | F43: 0 | G43: 0 | H43: 0 | I43: 0 | J43: 0 | K43: 0 | L43: 0 | M43: 0 | N43: 0 | O43: 0 | P43: 0 | Q43: 0 | R43: 0 | S43: 0 | T43: 0 | U43: 0 | V43: 0 | W43: 0 | X43: 0 | Y43: 0 | Z43: 0 | AA43: 0 | AB43: 0 | AC43: 0 | AD43: 0 | AE43: 0 | AF43: 0 | AG43: 0 | AH43: -1 | AI43: 0.3 | AJ43: 0 | AK43: 0 | AL43: 0 | AM43: 0 | AN43: 0 | AO43: 0 | AP43: 0 | AQ43: 0 | AR43: 0 | AS43: 0 | AT43: 0 | AU43: 0 | AV43: 0 | AW43: 0 | AX43: 0 | AY43: 0 | AZ43: 0 | BA43: 0 | BB43: 0 | BC43: 0 | BD43: 0 | BE43: 0 | BF43: 0 | BG43: 0 | BH43: 0 | BI43: 0 | BJ43: 0 | BK43: 0 | BL43: 0 | BM43: 0 | BN43: 0 | BO43: 0 | BP43: 0 | BQ43: 0 | BR43: 0 | BS43: 0 | BT43: 0 | BU43: 0 | BV43: 0 | BW43: 0 | BX43: 0 | BY43: 0 | BZ43: 0 | CA43: 0 | CB43: 0 | CC43: 0 | CD43: 0 | CE43: 0 | CF43: 0 | CG43: 0 | CH43: 0 | CI43: 0 | CJ43: 0 | CK43: 0 | CL43: 0 | CM43: 0 | CN43: 0 | CO43: 0 | CP43: 0 | CQ43: 0 | CR43: 0 | CS43: 0 | CT43: 0 | CU43: 0 | CV43: 0 | CW43: 0 | CX43: 0 | CY43: 0 | CZ43: 0 | DA43: 0 | DB43: 0 | DC43: 0 | DD43: 0 | DE43: 0 | DF43: 0 | DG43: 0 | DH43: 0 | DI43: 0 | DJ43: 0 | DK43: 0 | DL43: 0 | DM43: 0 | DN43: 0 | DO43: 0 | DP43: 0 | DQ43: 0 | DR43: 0 | DS43: 0 | DT43: 0 | DU43: 0 | DV43: 0 | DW43: 0 | DX43: 0 | DY43: 0 | DZ43: 0 | EA43: 0 | EB43: 0 | EC43: 0 | ED43: 0 | EE43: 0 | EF43: 0 | EG43: 0 | EH43: 0 | EI43: 0 | EJ43: 0 | EK43: 0 | EL43: 0 | EM43: 0 | EN43: 0 | EO43: 0 | EP43: 0 | EQ43: 0 | ER43: 0 | ES43: 0 | ET43: 0 | EU43: 0 | EV43: 0 | EW43: 0 | EX43: 0 | EY43: 0 | EZ43: 0 | FA43: 0 | FB43: 0 | FC43: 0 | FD43: 0 | FE43: 0 | FF43: 0 | FG43: 0 | FH43: 0 | FI43: 0 | FJ43: 0 | FK43: 0 | FL43: 0 | FM43: 0 | FN43: 0
A44: DNA:cyt | B44: 0 | C44: =-Cmol!AJ7 -> -0.0037699644 | D44: =-Cmol!AK7 -> -0.0038220896 | E44: =-Cmol!AL7 -> -0.003754002 | F44: 0 | G44: 0 | H44: 0 | I44: 0 | J44: 0 | K44: 0 | L44: 0 | M44: 0 | N44: 0 | O44: 0 | P44: 0 | Q44: 0 | R44: 0 | S44: 0 | T44: 0 | U44: 0 | V44: 0 | W44: 0 | X44: 0 | Y44: 0 | Z44: 0 | AA44: 0 | AB44: 0 | AC44: 0 | AD44: 0 | AE44: 0 | AF44: 0 | AG44: 0 | AH44: 0 | AI44: 9.8 | AJ44: 0 | AK44: 0 | AL44: 0 | AM44: 0 | AN44: 0 | AO44: 0 | AP44: 0 | AQ44: 0 | AR44: 0 | AS44: 0 | AT44: 0 | AU44: 0 | AV44: 0 | AW44: 0 | AX44: 0 | AY44: 0 | AZ44: 0 | BA44: 0 | BB44: 0 | BC44: 0 | BD44: 0 | BE44: 0 | BF44: 0 | BG44: 0 | BH44: 0 | BI44: 0 | BJ44: 0 | BK44: 0 | BL44: 0 | BM44: 0 | BN44: 0 | BO44: 0 | BP44: 0 | BQ44: 0 | BR44: 0 | BS44: 0 | BT44: 0 | BU44: 0 | BV44: 0 | BW44: 0 | BX44: 0 | BY44: 0 | BZ44: 0 | CA44: 0 | CB44: 0 | CC44: 0 | CD44: 0 | CE44: 0 | CF44: 0 | CG44: 0 | CH44: 0 | CI44: 0 | CJ44: 0 | CK44: 0 | CL44: 0 | CM44: 0 | CN44: 0 | CO44: 0 | CP44: 0 | CQ44: 0 | CR44: 0 | CS44: 0 | CT44: 0 | CU44: 0 | CV44: 0 | CW44: 0 | CX44: 0 | CY44: 0 | CZ44: 0 | DA44: 0 | DB44: 0 | DC44: 0 | DD44: 0 | DE44: 0 | DF44: 0 | DG44: 0 | DH44: 0 | DI44: 0 | DJ44: 0 | DK44: 0 | DL44: 0 | DM44: 0 | DN44: 0 | DO44: 0 | DP44: 0 | DQ44: 0 | DR44: 0 | DS44: 0 | DT44: 0 | DU44: 0 | DV44: 0 | DW44: 0 | DX44: 0 | DY44: 0 | DZ44: 0 | EA44: 0 | EB44: 0 | EC44: 0 | ED44: 0 | EE44: 0 | EF44: 0 | EG44: 0 | EH44: 0 | EI44: 0 | EJ44: 0 | EK44: 0 | EL44: 0 | EM44: 0 | EN44: 0 | EO44: 0 | EP44: 0 | EQ44: 0 | ER44: 0 | ES44: 0 | ET44: 0 | EU44: 0 | EV44: 0 | EW44: 0 | EX44: 0 | EY44: 0 | EZ44: 0 | FA44: 0 | FB44: 0 | FC44: 0 | FD44: 0 | FE44: 0 | FF44: 0 | FG44: 0 | FH44: 0 | FI44: 0 | FJ44: 0 | FK44: 0 | FL44: 0 | FM44: 0 | FN44: 0
A45: E4P:cyt | B45: 0 | C45: 0 | D45: 0 | E45: 0 | F45: 0 | G45: 0 | H45: 0 | I45: 0 | J45: 0 | K45: 0 | L45: 0 | M45: 0 | N45: 0 | O45: 0 | P45: 0 | Q45: 0 | R45: 0 | S45: 0 | T45: 0 | U45: 0 | V45: 0 | W45: 0 | X45: 0 | Y45: 0 | Z45: 0 | AA45: 0 | AB45: 0 | AC45: 0 | AD45: 0 | AE45: 0 | AF45: 0 | AG45: 0 | AH45: 0 | AI45: 0 | AJ45: 0 | AK45: 0 | AL45: 0 | AM45: 0 | AN45: 0 | AO45: 0 | AP45: 0 | AQ45: 0 | AR45: 0 | AS45: 0 | AT45: 0 | AU45: 0 | AV45: 0 | AW45: 0 | AX45: 0 | AY45: 0 | AZ45: 0 | BA45: 0 | BB45: 0 | BC45: 0 | BD45: 0 | BE45: 0 | BF45: 0 | BG45: 0 | BH45: 0 | BI45: 0 | BJ45: 0 | BK45: 0 | BL45: 0 | BM45: 0 | BN45: 0 | BO45: 0 | BP45: 0 | BQ45: 0 | BR45: 0 | BS45: 0 | BT45: 0 | BU45: 0 | BV45: 0 | BW45: 0 | BX45: 0 | BY45: 0 | BZ45: 0 | CA45: 0 | CB45: 0 | CC45: 0 | CD45: 0 | CE45: 0 | CF45: 0 | CG45: 0 | CH45: 0 | CI45: 0 | CJ45: 0 | CK45: 0 | CL45: 0 | CM45: 0 | CN45: 0 | CO45: 0 | CP45: -1 | CQ45: 0 | CR45: 0 | CS45: 0 | CT45: 0 | CU45: 1 | CV45: 0 | CW45: 0 | CX45: 0 | CY45: -1 | CZ45: 0 | DA45: 0 | DB45: 0 | DC45: 0 | DD45: 0 | DE45: 0 | DF45: 0 | DG45: 0 | DH45: 0 | DI45: 0 | DJ45: 0 | DK45: 0 | DL45: 0 | DM45: 0 | DN45: 0 | DO45: 0 | DP45: 0 | DQ45: 0 | DR45: 0 | DS45: 0 | DT45: 0 | DU45: 0 | DV45: 0 | DW45: 0 | DX45: 0 | DY45: 0 | DZ45: 0 | EA45: 0 | EB45: 0 | EC45: 0 | ED45: 0 | EE45: 0 | EF45: 0 | EG45: 0 | EH45: 0 | EI45: 0 | EJ45: 0 | EK45: 0 | EL45: 0 | EM45: 0 | EN45: 0 | EO45: 0 | EP45: 0 | EQ45: 0 | ER45: 0 | ES45: 0 | ET45: 0 | EU45: 0 | EV45: 0 | EW45: 0 | EX45: 0 | EY45: 0 | EZ45: 0 | FA45: 0 | FB45: 0 | FC45: 0 | FD45: 0 | FE45: 0 | FF45: 0 | FG45: 0 | FH45: 0 | FI45: 0 | FJ45: 0 | FK45: 0 | FL45: 0 | FM45: 0 | FN45: 0
A46: ETOH:cyt | B46: 0 | C46: 0 | D46: 0 | E46: 0 | F46: 0 | G46: 0 | H46: 0 | I46: 0 | J46: 0 | K46: 0 | L46: 0 | M46: 0 | N46: 0 | O46: 0 | P46: 0 | Q46: 0 | R46: 0 | S46: 0 | T46: 0 | U46: 0 | V46: 0 | W46: 0 | X46: 0 | Y46: 0 | Z46: 0 | AA46: 0 | AB46: 0 | AC46: 0 | AD46: 0 | AE46: 0 | AF46: 0 | AG46: 0 | AH46: 0 | AI46: 0 | AJ46: 0 | AK46: 0 | AL46: -1 | AM46: 1 | AN46: -1 | AO46: 0 | AP46: 0 | AQ46: 0 | AR46: 0 | AS46: 0 | AT46: 0 | AU46: 0 | AV46: 0 | AW46: 0 | AX46: 0 | AY46: 0 | AZ46: 0 | BA46: 0 | BB46: 0 | BC46: 0 | BD46: 0 | BE46: 0 | BF46: 0 | BG46: 0 | BH46: 0 | BI46: 0 | BJ46: 0 | BK46: 0 | BL46: 0 | BM46: 0 | BN46: 0 | BO46: 0 | BP46: 0 | BQ46: 0 | BR46: 0 | BS46: 0 | BT46: 0 | BU46: 0 | BV46: 0 | BW46: 0 | BX46: 0 | BY46: 0 | BZ46: 0 | CA46: 0 | CB46: 0 | CC46: 0 | CD46: 0 | CE46: 0 | CF46: 0 | CG46: 0 | CH46: 0 | CI46: 0 | CJ46: 0 | CK46: 0 | CL46: 0 | CM46: 0 | CN46: 0 | CO46: 0 | CP46: 0 | CQ46: 0 | CR46: 0 | CS46: 0 | CT46: 0 | CU46: 0 | CV46: 0 | CW46: 0 | CX46: 0 | CY46: 0 | CZ46: 0 | DA46: 0 | DB46: 0 | DC46: 0 | DD46: 0 | DE46: 0 | DF46: 0 | DG46: 0 | DH46: 0 | DI46: 0 | DJ46: 0 | DK46: 0 | DL46: -1 | DM46: 0 | DN46: 0 | DO46: 0 | DP46: 0 | DQ46: 0 | DR46: 0 | DS46: 0 | DT46: 0 | DU46: 0 | DV46: 0 | DW46: 0 | DX46: 0 | DY46: 0 | DZ46: 0 | EA46: 0 | EB46: 0 | EC46: 0 | ED46: 0 | EE46: 0 | EF46: 0 | EG46: 0 | EH46: 0 | EI46: 0 | EJ46: 0 | EK46: 0 | EL46: 0 | EM46: 0 | EN46: 0 | EO46: 0 | EP46: 0 | EQ46: 0 | ER46: 0 | ES46: 0 | ET46: 0 | EU46: 0 | EV46: 0 | EW46: 0 | EX46: 0 | EY46: 0 | EZ46: 0 | FA46: 0 | FB46: 0 | FC46: 0 | FD46: 0 | FE46: 0 | FF46: 0 | FG46: 0 | FH46: 0 | FI46: 0 | FJ46: 0 | FK46: 0 | FL46: 0 | FM46: 0 | FN46: 0
A47: ETOH:ext | B47: 0 | C47: 0 | D47: 0 | E47: 0 | F47: 0 | G47: 0 | H47: 0 | I47: 0 | J47: 0 | K47: 0 | L47: 0 | M47: 0 | N47: 0 | O47: 0 | P47: 0 | Q47: 0 | R47: 0 | S47: 0 | T47: 0 | U47: 0 | V47: 0 | W47: 0 | X47: 0 | Y47: 0 | Z47: 0 | AA47: 0 | AB47: 0 | AC47: 0 | AD47: 0 | AE47: 0 | AF47: 0 | AG47: 0 | AH47: 0 | AI47: 0 | AJ47: 0 | AK47: 0 | AL47: 0 | AM47: 0 | AN47: 0 | AO47: 0 | AP47: 0 | AQ47: 0 | AR47: 0 | AS47: 0 | AT47: 0 | AU47: 0 | AV47: 0 | AW47: 0 | AX47: 0 | AY47: 0 | AZ47: 0 | BA47: 0 | BB47: 0 | BC47: 0 | BD47: 0 | BE47: 0 | BF47: 0 | BG47: 0 | BH47: 0 | BI47: 0 | BJ47: 0 | BK47: 0 | BL47: 0 | BM47: 0 | BN47: 0 | BO47: 0 | BP47: 0 | BQ47: 0 | BR47: 0 | BS47: 0 | BT47: 0 | BU47: 0 | BV47: 0 | BW47: 0 | BX47: 0 | BY47: 0 | BZ47: 0 | CA47: 0 | CB47: 0 | CC47: 0 | CD47: 0 | CE47: 0 | CF47: 0 | CG47: 0 | CH47: 0 | CI47: 0 | CJ47: 0 | CK47: 0 | CL47: 0 | CM47: 0 | CN47: 0 | CO47: 0 | CP47: 0 | CQ47: 0 | CR47: 0 | CS47: 0 | CT47: 0 | CU47: 0 | CV47: 0 | CW47: 0 | CX47: 0 | CY47: 0 | CZ47: 0 | DA47: 0 | DB47: 0 | DC47: 0 | DD47: 0 | DE47: 0 | DF47: 0 | DG47: 0 | DH47: 0 | DI47: 0 | DJ47: 0 | DK47: 0 | DL47: 1 | DM47: 0 | DN47: 0 | DO47: 0 | DP47: 0 | DQ47: 0 | DR47: 0 | DS47: 0 | DT47: 0 | DU47: 0 | DV47: 0 | DW47: 0 | DX47: 0 | DY47: 0 | DZ47: 0 | EA47: 0 | EB47: 0 | EC47: 0 | ED47: 0 | EE47: 0 | EF47: 0 | EG47: 0 | EH47: 0 | EI47: 0 | EJ47: 0 | EK47: 0 | EL47: 0 | EM47: 0 | EN47: 0 | EO47: 0 | EP47: 0 | EQ47: 0 | ER47: 0 | ES47: 0 | ET47: 0 | EU47: 0 | EV47: 0 | EW47: 0 | EX47: 0 | EY47: 0 | EZ47: 0 | FA47: 0 | FB47: 0 | FC47: 0 | FD47: 0 | FE47: 0 | FF47: 0 | FG47: 0 | FH47: 0 | FI47: 0 | FJ47: 0 | FK47: 0 | FL47: -1 | FM47: 0 | FN47: 0
A48: ETOH:mit | B48: 0 | C48: 0 | D48: 0 | E48: 0 | F48: 0 | G48: 0 | H48: 0 | I48: 0 | J48: 0 | K48: 0 | L48: 0 | M48: 0 | N48: 0 | O48: 0 | P48: 0 | Q48: 0 | R48: 0 | S48: 0 | T48: 0 | U48: 0 | V48: 0 | W48: 0 | X48: 0 | Y48: 0 | Z48: 0 | AA48: 0 | AB48: 0 | AC48: 0 | AD48: 0 | AE48: 0 | AF48: 0 | AG48: 0 | AH48: 0 | AI48: 0 | AJ48: 0 | AK48: 0 | AL48: 0 | AM48: 0 | AN48: 1 | AO48: 0 | AP48: 0 | AQ48: 0 | AR48: 0 | AS48: 0 | AT48: 0 | AU48: 0 | AV48: 0 | AW48: 0 | AX48: 0 | AY48: 0 | AZ48: 0 | BA48: 0 | BB48: 0 | BC48: 0 | BD48: 0 | BE48: 0 | BF48: 0 | BG48: 0 | BH48: 0 | BI48: 0 | BJ48: 0 | BK48: 0 | BL48: 0 | BM48: 0 | BN48: 0 | BO48: 0 | BP48: 0 | BQ48: 0 | BR48: 0 | BS48: 0 | BT48: 0 | BU48: 0 | BV48: 0 | BW48: 0 | BX48: 0 | BY48: 0 | BZ48: 0 | CA48: 0 | CB48: 0 | CC48: 0 | CD48: 0 | CE48: 0 | CF48: 0 | CG48: 0 | CH48: 0 | CI48: 0 | CJ48: 0 | CK48: 0 | CL48: 0 | CM48: 0 | CN48: 0 | CO48: 0 | CP48: 0 | CQ48: 0 | CR48: 0 | CS48: 0 | CT48: 0 | CU48: 0 | CV48: 0 | CW48: 0 | CX48: 0 | CY48: 0 | CZ48: 0 | DA48: 0 | DB48: 0 | DC48: 0 | DD48: 0 | DE48: 0 | DF48: 0 | DG48: 0 | DH48: 0 | DI48: 0 | DJ48: 0 | DK48: 0 | DL48: 0 | DM48: 0 | DN48: 0 | DO48: 0 | DP48: 0 | DQ48: 0 | DR48: 0 | DS48: 0 | DT48: 0 | DU48: 0 | DV48: 0 | DW48: 0 | DX48: 0 | DY48: 1 | DZ48: 0 | EA48: 0 | EB48: 0 | EC48: 0 | ED48: 0 | EE48: 0 | EF48: 0 | EG48: 0 | EH48: 0 | EI48: 0 | EJ48: 0 | EK48: 0 | EL48: 0 | EM48: 0 | EN48: 0 | EO48: 0 | EP48: 0 | EQ48: 0 | ER48: 0 | ES48: 0 | ET48: 0 | EU48: 0 | EV48: 0 | EW48: 0 | EX48: 0 | EY48: 0 | EZ48: 0 | FA48: 0 | FB48: 0 | FC48: 0 | FD48: 0 | FE48: 0 | FF48: 0 | FG48: 0 | FH48: 0 | FI48: 0 | FJ48: 0 | FK48: 0 | FL48: 0 | FM48: 0 | FN48: 0
A49: F16P:cyt | B49: 0 | C49: 0 | D49: 0 | E49: 0 | F49: 0 | G49: 0 | H49: 0 | I49: 0 | J49: 0 | K49: 0 | L49: 0 | M49: 0 | N49: 0 | O49: 0 | P49: 0 | Q49: 0 | R49: 0 | S49: 0 | T49: 0 | U49: 0 | V49: 0 | W49: 0 | X49: 0 | Y49: 0 | Z49: 0 | AA49: 0 | AB49: 0 | AC49: 0 | AD49: 0 | AE49: 0 | AF49: 0 | AG49: 0 | AH49: 0 | AI49: 0 | AJ49: 0 | AK49: 0 | AL49: 0 | AM49: 0 | AN49: 0 | AO49: -1 | AP49: -1 | AQ49: 0 | AR49: 0 | AS49: 0 | AT49: 0 | AU49: 0 | AV49: 0 | AW49: 0 | AX49: 0 | AY49: 0 | AZ49: 0 | BA49: 0 | BB49: 0 | BC49: 0 | BD49: 0 | BE49: 0 | BF49: 0 | BG49: 0 | BH49: 0 | BI49: 0 | BJ49: 0 | BK49: 0 | BL49: 0 | BM49: 0 | BN49: 0 | BO49: 0 | BP49: 0 | BQ49: 0 | BR49: 0 | BS49: 0 | BT49: 0 | BU49: 0 | BV49: 0 | BW49: 0 | BX49: 0 | BY49: 0 | BZ49: 0 | CA49: 0 | CB49: 0 | CC49: 0 | CD49: 0 | CE49: 0 | CF49: 0 | CG49: 0 | CH49: 0 | CI49: 0 | CJ49: 0 | CK49: 0 | CL49: 0 | CM49: 0 | CN49: 0 | CO49: 0 | CP49: 0 | CQ49: 0 | CR49: 0 | CS49: 0 | CT49: 0 | CU49: 0 | CV49: 0 | CW49: 0 | CX49: 0 | CY49: 0 | CZ49: 0 | DA49: 0 | DB49: 0 | DC49: 0 | DD49: 0 | DE49: 0 | DF49: 0 | DG49: 0 | DH49: 0 | DI49: 0 | DJ49: 0 | DK49: 0 | DL49: 0 | DM49: 0 | DN49: 0 | DO49: 0 | DP49: 0 | DQ49: 0 | DR49: 0 | DS49: 0 | DT49: 0 | DU49: 0 | DV49: 0 | DW49: 0 | DX49: 0 | DY49: 0 | DZ49: 0 | EA49: 0 | EB49: 0 | EC49: 0 | ED49: 0 | EE49: 0 | EF49: 0 | EG49: 0 | EH49: 0 | EI49: 0 | EJ49: 0 | EK49: 0 | EL49: 0 | EM49: 0 | EN49: 0 | EO49: 0 | EP49: 0 | EQ49: 0 | ER49: 0 | ES49: 0 | ET49: 0 | EU49: 0 | EV49: 0 | EW49: 0 | EX49: 0 | EY49: 0 | EZ49: 0 | FA49: 0 | FB49: 0 | FC49: 0 | FD49: 0 | FE49: 0 | FF49: 0 | FG49: 0 | FH49: 0 | FI49: 0 | FJ49: 0 | FK49: 0 | FL49: 0 | FM49: 0 | FN49: 0
A50: F6P:cyt | B50: 0 | C50: 0 | D50: 0 | E50: 0 | F50: 0 | G50: 0 | H50: 0 | I50: 0 | J50: 0 | K50: 0 | L50: 0 | M50: 0 | N50: 0 | O50: 0 | P50: 0 | Q50: 0 | R50: 0 | S50: 0 | T50: 0 | U50: 0 | V50: 0 | W50: 0 | X50: 0 | Y50: 0 | Z50: 0 | AA50: 0 | AB50: 0 | AC50: 0 | AD50: 0 | AE50: 0 | AF50: 0 | AG50: 0 | AH50: 0 | AI50: 0 | AJ50: 0 | AK50: 0 | AL50: 0 | AM50: 0 | AN50: 0 | AO50: 0 | AP50: 1 | AQ50: 0 | AR50: 0 | AS50: 0 | AT50: 1 | AU50: 0 | AV50: 0 | AW50: 0 | AX50: 0 | AY50: 0 | AZ50: 0 | BA50: 0 | BB50: 0 | BC50: 0 | BD50: 0 | BE50: 0 | BF50: 0 | BG50: 0 | BH50: 0 | BI50: 0 | BJ50: 0 | BK50: 0 | BL50: 0 | BM50: 0 | BN50: 0 | BO50: 0 | BP50: 0 | BQ50: 0 | BR50: 0 | BS50: 0 | BT50: 0 | BU50: 0 | BV50: 0 | BW50: 0 | BX50: 0 | BY50: 0 | BZ50: 0 | CA50: 0 | CB50: 0 | CC50: 0 | CD50: 0 | CE50: 0 | CF50: 0 | CG50: 0 | CH50: 0 | CI50: 0 | CJ50: 0 | CK50: 0 | CL50: 0 | CM50: 0 | CN50: 0 | CO50: 0 | CP50: 0 | CQ50: 0 | CR50: 0 | CS50: 0 | CT50: 0 | CU50: 1 | CV50: 0 | CW50: 0 | CX50: 0 | CY50: 1 | CZ50: 0 | DA50: 0 | DB50: 0 | DC50: 0 | DD50: 0 | DE50: 0 | DF50: 0 | DG50: 0 | DH50: 0 | DI50: 0 | DJ50: 0 | DK50: 0 | DL50: 0 | DM50: 0 | DN50: 0 | DO50: 0 | DP50: 0 | DQ50: 0 | DR50: 0 | DS50: 0 | DT50: 0 | DU50: 0 | DV50: 0 | DW50: 0 | DX50: 0 | DY50: 0 | DZ50: 0 | EA50: 0 | EB50: 0 | EC50: 0 | ED50: 0 | EE50: 0 | EF50: 0 | EG50: 0 | EH50: 0 | EI50: 0 | EJ50: 0 | EK50: 0 | EL50: 0 | EM50: 0 | EN50: 0 | EO50: 0 | EP50: 0 | EQ50: 0 | ER50: 0 | ES50: 0 | ET50: 0 | EU50: 0 | EV50: 0 | EW50: 0 | EX50: 0 | EY50: 0 | EZ50: 0 | FA50: 0 | FB50: 0 | FC50: 0 | FD50: 0 | FE50: 0 | FF50: 0 | FG50: 0 | FH50: 0 | FI50: 0 | FJ50: 0 | FK50: 0 | FL50: 0 | FM50: 0 | FN50: 0
A51: Q:mit | B51: 0 | C51: 0 | D51: 0 | E51: 0 | F51: 0 | G51: 0 | H51: 0 | I51: 0 | J51: 0 | K51: 0 | L51: 0 | M51: 0 | N51: 0 | O51: 0 | P51: 0 | Q51: 0 | R51: 0 | S51: 0 | T51: 0 | U51: 0 | V51: 0 | W51: 0 | X51: 0 | Y51: 0 | Z51: 0 | AA51: 0 | AB51: 0 | AC51: 0 | AD51: 0 | AE51: 0 | AF51: 0 | AG51: 0 | AH51: 0 | AI51: 0 | AJ51: 0 | AK51: 0 | AL51: 0 | AM51: 0 | AN51: 0 | AO51: 0 | AP51: 0 | AQ51: 0 | AR51: 0 | AS51: 0 | AT51: 0 | AU51: 0 | AV51: 0 | AW51: 0 | AX51: 0 | AY51: 0 | AZ51: 0 | BA51: 0 | BB51: 0 | BC51: 0 | BD51: 0 | BE51: 0 | BF51: 0 | BG51: 0 | BH51: 0 | BI51: 0 | BJ51: 0 | BK51: 0 | BL51: 0 | BM51: 0 | BN51: 0 | BO51: 0 | BP51: 0 | BQ51: 0 | BR51: 0 | BS51: 0 | BT51: 0 | BU51: 0 | BV51: 0 | BW51: 0 | BX51: 0 | BY51: 0 | BZ51: 0 | CA51: 0 | CB51: 0 | CC51: 0 | CD51: 0 | CE51: 0 | CF51: 0 | CG51: 0 | CH51: 0 | CI51: 0 | CJ51: 0 | CK51: 0 | CL51: 0 | CM51: 0 | CN51: 0 | CO51: 0 | CP51: 0 | CQ51: 0 | CR51: 0 | CS51: 0 | CT51: 0 | CU51: 0 | CV51: 0 | CW51: 0 | CX51: 0 | CY51: 0 | CZ51: 0 | DA51: 0 | DB51: 0 | DC51: 0 | DD51: 0 | DE51: 0 | DF51: 0 | DG51: 0 | DH51: 0 | DI51: 0 | DJ51: 0 | DK51: 0 | DL51: 0 | DM51: 0 | DN51: 0 | DO51: 0 | DP51: 0 | DQ51: 0 | DR51: 0 | DS51: 0 | DT51: 0 | DU51: 0 | DV51: 0 | DW51: 0 | DX51: 0 | DY51: 0 | DZ51: 0 | EA51: 0 | EB51: 0 | EC51: 0 | ED51: 0 | EE51: 0 | EF51: 0 | EG51: 0 | EH51: 0 | EI51: 0 | EJ51: 0 | EK51: 1 | EL51: -1 | EM51: 0 | EN51: 0 | EO51: 0 | EP51: 0 | EQ51: 0 | ER51: 0 | ES51: 0 | ET51: 0 | EU51: 0 | EV51: 0 | EW51: 0 | EX51: 0 | EY51: 0 | EZ51: 0 | FA51: 0 | FB51: 0 | FC51: 0 | FD51: 0 | FE51: 0 | FF51: 0 | FG51: 0 | FH51: 0 | FI51: 0 | FJ51: 0 | FK51: 0 | FL51: 0 | FM51: 0 | FN51: 0
A52: QH2:mit | B52: 0 | C52: 0 | D52: 0 | E52: 0 | F52: 0 | G52: 0 | H52: 0 | I52: 0 | J52: 0 | K52: 0 | L52: 0 | M52: 0 | N52: 0 | O52: 0 | P52: 0 | Q52: 0 | R52: 0 | S52: 0 | T52: 0 | U52: 0 | V52: 0 | W52: 0 | X52: 0 | Y52: 0 | Z52: 0 | AA52: 0 | AB52: 0 | AC52: 0 | AD52: 0 | AE52: 0 | AF52: 0 | AG52: 0 | AH52: 0 | AI52: 0 | AJ52: 0 | AK52: 0 | AL52: 0 | AM52: 0 | AN52: 0 | AO52: 0 | AP52: 0 | AQ52: 0 | AR52: 0 | AS52: 0 | AT52: 0 | AU52: 0 | AV52: 0 | AW52: 0 | AX52: 0 | AY52: 0 | AZ52: 0 | BA52: 0 | BB52: 0 | BC52: 0 | BD52: 0 | BE52: 0 | BF52: 0 | BG52: 0 | BH52: 0 | BI52: 0 | BJ52: 0 | BK52: 0 | BL52: 0 | BM52: 0 | BN52: 0 | BO52: 0 | BP52: 0 | BQ52: 0 | BR52: 0 | BS52: 0 | BT52: 0 | BU52: 0 | BV52: 0 | BW52: 0 | BX52: 0 | BY52: 0 | BZ52: 0 | CA52: 0 | CB52: 0 | CC52: 0 | CD52: 0 | CE52: 0 | CF52: 0 | CG52: 0 | CH52: 0 | CI52: 0 | CJ52: 0 | CK52: 0 | CL52: 0 | CM52: 0 | CN52: 0 | CO52: 0 | CP52: 0 | CQ52: 0 | CR52: 0 | CS52: 0 | CT52: 0 | CU52: 0 | CV52: 0 | CW52: 0 | CX52: 0 | CY52: 0 | CZ52: 0 | DA52: 0 | DB52: 0 | DC52: 0 | DD52: 0 | DE52: 0 | DF52: 0 | DG52: 0 | DH52: 0 | DI52: 0 | DJ52: 0 | DK52: 0 | DL52: 0 | DM52: 0 | DN52: 0 | DO52: 0 | DP52: 0 | DQ52: 0 | DR52: 0 | DS52: 0 | DT52: 0 | DU52: 0 | DV52: 0 | DW52: 0 | DX52: 0 | DY52: 0 | DZ52: 0 | EA52: 0 | EB52: 0 | EC52: 0 | ED52: 0 | EE52: 0 | EF52: 0 | EG52: 0 | EH52: 0 | EI52: 0 | EJ52: 0 | EK52: -1 | EL52: 1 | EM52: 0 | EN52: 0 | EO52: 0 | EP52: 0 | EQ52: 0 | ER52: 0 | ES52: 0 | ET52: 0 | EU52: 0 | EV52: 0 | EW52: 0 | EX52: 0 | EY52: 0 | EZ52: 0 | FA52: 0 | FB52: 0 | FC52: 0 | FD52: 0 | FE52: 0 | FF52: 0 | FG52: 0 | FH52: 0 | FI52: 0 | FJ52: 0 | FK52: 0 | FL52: 0 | FM52: 0 | FN52: 0
A53: FAT:cyt | B53: 0 | C53: 0 | D53: 0 | E53: 0 | F53: 0 | G53: 0 | H53: 0 | I53: 0 | J53: 0 | K53: 0 | L53: 0 | M53: 0 | N53: 0 | O53: 0 | P53: 0 | Q53: 0 | R53: 0 | S53: 0 | T53: 0 | U53: 0 | V53: 0 | W53: 0 | X53: 0 | Y53: 0 | Z53: 0 | AA53: 0 | AB53: 0 | AC53: 0 | AD53: 0 | AE53: 0 | AF53: 0 | AG53: 0 | AH53: 0 | AI53: 0 | AJ53: 0 | AK53: 0 | AL53: 0 | AM53: 0 | AN53: 0 | AO53: 0 | AP53: 0 | AQ53: 1 | AR53: 0 | AS53: 0 | AT53: 0 | AU53: 0 | AV53: 0 | AW53: 0 | AX53: 0 | AY53: 0 | AZ53: 0 | BA53: 0 | BB53: 0 | BC53: 0 | BD53: 0 | BE53: 0 | BF53: 0 | BG53: 0 | BH53: 0 | BI53: 0 | BJ53: 0 | BK53: 0 | BL53: 0 | BM53: -0.55 | BN53: 0 | BO53: 0 | BP53: 0 | BQ53: 0 | BR53: 0 | BS53: 0 | BT53: 0 | BU53: 0 | BV53: 0 | BW53: 0 | BX53: 0 | BY53: 0 | BZ53: 0 | CA53: 0 | CB53: 0 | CC53: 0 | CD53: 0 | CE53: 0 | CF53: 0 | CG53: 0 | CH53: 0 | CI53: 0 | CJ53: 0 | CK53: 0 | CL53: 0 | CM53: 0 | CN53: 0 | CO53: 0 | CP53: 0 | CQ53: 0 | CR53: 0 | CS53: 0 | CT53: 0 | CU53: 0 | CV53: 0 | CW53: 0 | CX53: 0 | CY53: 0 | CZ53: 0 | DA53: 0 | DB53: 0 | DC53: 0 | DD53: 0 | DE53: 0 | DF53: 0 | DG53: 0 | DH53: 0 | DI53: 0 | DJ53: 0 | DK53: 0 | DL53: 0 | DM53: 0 | DN53: 0 | DO53: 0 | DP53: 0 | DQ53: 0 | DR53: 0 | DS53: 0 | DT53: 0 | DU53: 0 | DV53: 0 | DW53: 0 | DX53: 0 | DY53: 0 | DZ53: 0 | EA53: 0 | EB53: 0 | EC53: 0 | ED53: 0 | EE53: 0 | EF53: 0 | EG53: 0 | EH53: 0 | EI53: 0 | EJ53: 0 | EK53: 0 | EL53: 0 | EM53: 0 | EN53: 0 | EO53: 0 | EP53: 0 | EQ53: 0 | ER53: 0 | ES53: 0 | ET53: 0 | EU53: 0 | EV53: 0 | EW53: 0 | EX53: 0 | EY53: 0 | EZ53: 0 | FA53: 0 | FB53: 0 | FC53: 0 | FD53: 0 | FE53: 0 | FF53: 0 | FG53: 0 | FH53: 0 | FI53: 0 | FJ53: 0 | FK53: 0 | FL53: 0 | FM53: 0 | FN53: 0
A54: FTHF:cyt | B54: 0 | C54: 0 | D54: 0 | E54: 0 | F54: 0 | G54: 0 | H54: 0 | I54: 0 | J54: 0 | K54: 0 | L54: 0 | M54: 0 | N54: 0 | O54: -1 | P54: 0 | Q54: 0 | R54: 0 | S54: 0 | T54: 0 | U54: 0 | V54: 0 | W54: 0 | X54: 0 | Y54: 0 | Z54: 0 | AA54: 0 | AB54: 0 | AC54: 0 | AD54: 0 | AE54: 0 | AF54: 0 | AG54: 0 | AH54: 0 | AI54: 0 | AJ54: 0 | AK54: 0 | AL54: 0 | AM54: 0 | AN54: 0 | AO54: 0 | AP54: 0 | AQ54: 0 | AR54: 0 | AS54: 0 | AT54: 0 | AU54: 0 | AV54: 0 | AW54: 0 | AX54: 0 | AY54: 0 | AZ54: 0 | BA54: 0 | BB54: 0 | BC54: 0 | BD54: 0 | BE54: 0 | BF54: 0 | BG54: 0 | BH54: 0 | BI54: 0 | BJ54: -1 | BK54: 0 | BL54: 0 | BM54: 0 | BN54: 0 | BO54: 0 | BP54: 0 | BQ54: 0 | BR54: 0 | BS54: -1 | BT54: 0 | BU54: 0 | BV54: 0 | BW54: 0 | BX54: 0 | BY54: 0 | BZ54: 0 | CA54: 0 | CB54: 0 | CC54: 0 | CD54: 0 | CE54: 0 | CF54: 0 | CG54: 0 | CH54: 0 | CI54: 0 | CJ54: 0 | CK54: 0 | CL54: 0 | CM54: 0 | CN54: 0 | CO54: 0 | CP54: 0 | CQ54: 0 | CR54: 0 | CS54: 0 | CT54: 0 | CU54: 0 | CV54: 0 | CW54: 0 | CX54: 0 | CY54: 0 | CZ54: 0 | DA54: 0 | DB54: 0 | DC54: 0 | DD54: 0 | DE54: 0 | DF54: 0 | DG54: 0 | DH54: 0 | DI54: 0 | DJ54: 0 | DK54: 0 | DL54: 0 | DM54: 0 | DN54: 0 | DO54: 0 | DP54: 0 | DQ54: 0 | DR54: 0 | DS54: 0 | DT54: 0 | DU54: 0 | DV54: 0 | DW54: 0 | DX54: 0 | DY54: 0 | DZ54: 0 | EA54: 0 | EB54: 0 | EC54: 0 | ED54: 0 | EE54: 0 | EF54: 0 | EG54: 0 | EH54: 0 | EI54: 0 | EJ54: 0 | EK54: 0 | EL54: 0 | EM54: 0 | EN54: 0 | EO54: 0 | EP54: 0 | EQ54: 0 | ER54: 0 | ES54: 0 | ET54: 0 | EU54: 0 | EV54: 0 | EW54: 0 | EX54: 0 | EY54: 0 | EZ54: 0 | FA54: 0 | FB54: 0 | FC54: 0 | FD54: 0 | FE54: 0 | FF54: 0 | FG54: 0 | FH54: 0 | FI54: 0 | FJ54: 0 | FK54: 0 | FL54: 0 | FM54: 0 | FN54: 0
A55: FUM:cyt | B55: 0 | C55: 0 | D55: 0 | E55: 0 | F55: 0 | G55: 0 | H55: 0 | I55: 0 | J55: 0 | K55: 0 | L55: 0 | M55: 0 | N55: 0 | O55: 1 | P55: 0 | Q55: 0 | R55: 1 | S55: 1 | T55: 0 | U55: 0 | V55: 0 | W55: 0 | X55: 0 | Y55: 0 | Z55: 0 | AA55: 0 | AB55: 0 | AC55: 0 | AD55: 0 | AE55: 0 | AF55: 0 | AG55: 0 | AH55: 0 | AI55: 0 | AJ55: 0 | AK55: 0 | AL55: 0 | AM55: 0 | AN55: 0 | AO55: 0 | AP55: 0 | AQ55: 0 | AR55: -1 | AS55: 0 | AT55: 0 | AU55: 0 | AV55: 0 | AW55: 0 | AX55: 0 | AY55: 0 | AZ55: 0 | BA55: 0 | BB55: 0 | BC55: 0 | BD55: 0 | BE55: 0 | BF55: 0 | BG55: 0 | BH55: 0 | BI55: 0 | BJ55: 0 | BK55: 0 | BL55: 0 | BM55: 0 | BN55: 0 | BO55: 0 | BP55: 0 | BQ55: 0 | BR55: 0 | BS55: 0 | BT55: 0 | BU55: 0 | BV55: 0 | BW55: 0 | BX55: 0 | BY55: 0 | BZ55: 0 | CA55: 0 | CB55: 0 | CC55: 0 | CD55: 0 | CE55: 0 | CF55: 0 | CG55: 0 | CH55: 0 | CI55: 0 | CJ55: 0 | CK55: 0 | CL55: 0 | CM55: 0 | CN55: 0 | CO55: 0 | CP55: 0 | CQ55: 0 | CR55: 0 | CS55: 0 | CT55: 0 | CU55: 0 | CV55: 0 | CW55: 0 | CX55: 0 | CY55: 0 | CZ55: 0 | DA55: 0 | DB55: 0 | DC55: 0 | DD55: 0 | DE55: 0 | DF55: 0 | DG55: 0 | DH55: 0 | DI55: 0 | DJ55: 0 | DK55: 0 | DL55: 0 | DM55: 0 | DN55: 0 | DO55: 0 | DP55: 0 | DQ55: 0 | DR55: 0 | DS55: 0 | DT55: 0 | DU55: 0 | DV55: 0 | DW55: 0 | DX55: 0 | DY55: 0 | DZ55: 0 | EA55: 0 | EB55: 0 | EC55: 0 | ED55: 0 | EE55: 0 | EF55: 0 | EG55: 0 | EH55: 0 | EI55: 0 | EJ55: 0 | EK55: 0 | EL55: 0 | EM55: 0 | EN55: 0 | EO55: 0 | EP55: 0 | EQ55: 0 | ER55: 0 | ES55: 0 | ET55: 0 | EU55: 0 | EV55: 0 | EW55: 0 | EX55: 0 | EY55: 0 | EZ55: 1 | FA55: 0 | FB55: 0 | FC55: 0 | FD55: 0 | FE55: 0 | FF55: 0 | FG55: 0 | FH55: 0 | FI55: 0 | FJ55: 0 | FK55: 0 | FL55: 0 | FM55: 0 | FN55: 0
A56: FUM:mit | B56: 0 | C56: 0 | D56: 0 | E56: 0 | F56: 0 | G56: 0 | H56: 0 | I56: 0 | J56: 0 | K56: 0 | L56: 0 | M56: 0 | N56: 0 | O56: 0 | P56: 0 | Q56: 0 | R56: 0 | S56: 0 | T56: 0 | U56: 0 | V56: 0 | W56: 0 | X56: 0 | Y56: 0 | Z56: 0 | AA56: 0 | AB56: 0 | AC56: 0 | AD56: 0 | AE56: 0 | AF56: 0 | AG56: 0 | AH56: 0 | AI56: 0 | AJ56: 0 | AK56: 0 | AL56: 0 | AM56: 0 | AN56: 0 | AO56: 0 | AP56: 0 | AQ56: 0 | AR56: 0 | AS56: 0 | AT56: 0 | AU56: 0 | AV56: 0 | AW56: 0 | AX56: 0 | AY56: 0 | AZ56: 0 | BA56: 0 | BB56: 0 | BC56: 0 | BD56: 0 | BE56: 0 | BF56: 0 | BG56: 0 | BH56: 0 | BI56: 0 | BJ56: 0 | BK56: 0 | BL56: 0 | BM56: 0 | BN56: 0 | BO56: 0 | BP56: 0 | BQ56: 0 | BR56: 0 | BS56: 0 | BT56: 0 | BU56: 0 | BV56: 0 | BW56: 0 | BX56: 0 | BY56: 0 | BZ56: 0 | CA56: 0 | CB56: 0 | CC56: 0 | CD56: 0 | CE56: 0 | CF56: 0 | CG56: 0 | CH56: 0 | CI56: 0 | CJ56: 0 | CK56: 0 | CL56: 0 | CM56: 0 | CN56: 0 | CO56: 0 | CP56: 0 | CQ56: 0 | CR56: 0 | CS56: 0 | CT56: 0 | CU56: 0 | CV56: 0 | CW56: 0 | CX56: 0 | CY56: 0 | CZ56: 0 | DA56: 0 | DB56: 0 | DC56: 0 | DD56: 0 | DE56: 0 | DF56: 0 | DG56: 0 | DH56: 0 | DI56: 0 | DJ56: 0 | DK56: 0 | DL56: 0 | DM56: 0 | DN56: 0 | DO56: 0 | DP56: 0 | DQ56: 0 | DR56: 0 | DS56: 0 | DT56: 0 | DU56: 0 | DV56: 0 | DW56: 0 | DX56: 0 | DY56: 0 | DZ56: -1 | EA56: 0 | EB56: 0 | EC56: 0 | ED56: 0 | EE56: 0 | EF56: 0 | EG56: 0 | EH56: 0 | EI56: 0 | EJ56: 0 | EK56: 0 | EL56: 1 | EM56: 0 | EN56: 0 | EO56: 0 | EP56: 0 | EQ56: 0 | ER56: 0 | ES56: 0 | ET56: 0 | EU56: 0 | EV56: 0 | EW56: 0 | EX56: 0 | EY56: 0 | EZ56: -1 | FA56: 0 | FB56: 0 | FC56: 0 | FD56: 0 | FE56: 0 | FF56: 0 | FG56: 0 | FH56: 0 | FI56: 0 | FJ56: 0 | FK56: 0 | FL56: 0 | FM56: 0 | FN56: 0
... A88: LEU:cyt | B88: 0 | C88: 0 | D88: 0 | E88: 0 | F88: 0 | G88: 0 | H88: 0 | I88: 0 | J88: 0 | K88: 0 | L88: 0 | M88: 0 | N88: 0 | O88: 0 | P88: 0 | Q88: 0 | R88: 0 | S88: 0 | T88: 0 | U88: 0 | V88: 0 | W88: -0.8008 | X88: 0 | Y88: 0 | Z88: 0 | AA88: 0 | AB88: 0 | AC88: 0 | AD88: 0 | AE88: 0 | AF88: 0 | AG88: 0 | AH88: 0 | AI88: 0 | AJ88: 0 | AK88: 0 | AL88: 0 | AM88: 0 | AN88: 0 | AO88: 0 | AP88: 0 | AQ88: 0 | AR88: 0 | AS88: 0 | AT88: 0 | AU88: 0 | AV88: 0 | AW88: 0 | AX88: 0 | AY88: 0 | AZ88: 0 | BA88: 0 | BB88: 0 | BC88: 0 | BD88: 0 | BE88: 0 | BF88: 0 | BG88: 0 | BH88: 0 | BI88: 0 | BJ88: 0 | BK88: 0 | BL88: 1 | BM88: 0 | BN88: 0 | BO88: 0 | BP88: 0 | BQ88: 0 | BR88: 0 | BS88: 0 | BT88: 0 | BU88: 0 | BV88: 0 | BW88: 0 | BX88: 0 | BY88: 0 | BZ88: 0 | CA88: 0 | CB88: 0 | CC88: 0 | CD88: 0 | CE88: 0 | CF88: 0 | CG88: 0 | CH88: 0 | CI88: 0 | CJ88: 0 | CK88: 0 | CL88: 0 | CM88: 0 | CN88: 0 | CO88: 0 | CP88: 0 | CQ88: 0 | CR88: 0 | CS88: 0 | CT88: 0 | CU88: 0 | CV88: 0 | CW88: 0 | CX88: 0 | CY88: 0 | CZ88: 0 | DA88: 0 | DB88: 0 | DC88: 0 | DD88: 0 | DE88: 0 | DF88: 0 | DG88: 0 | DH88: 0 | DI88: 0 | DJ88: 0 | DK88: 0 | DL88: 0 | DM88: 0 | DN88: 0 | DO88: 0 | DP88: 0 | DQ88: 0 | DR88: 0 | DS88: 0 | DT88: 0 | DU88: 0 | DV88: 0 | DW88: 0 | DX88: 0 | DY88: 0 | DZ88: 0 | EA88: 0 | EB88: 0 | EC88: 0 | ED88: 0 | EE88: 0 | EF88: 0 | EG88: 0 | EH88: 0 | EI88: 0 | EJ88: 0 | EK88: 0 | EL88: 0 | EM88: 0 | EN88: 0 | EO88: 0 | EP88: 0 | EQ88: 0 | ER88: 0 | ES88: 0 | ET88: 0 | EU88: 0 | EV88: 0 | EW88: 0 | EX88: 0 | EY88: 0 | EZ88: 0 | FA88: 0 | FB88: 0 | FC88: 0 | FD88: 0 | FE88: 0 | FF88: 0 | FG88: 0 | FH88: 0 | FI88: 0 | FJ88: 0 | FK88: 0 | FL88: 0 | FM88: 0 | FN88: 0
A89: LIPID:cyt | B89: 0 | C89: =-Cmol!AJ8 -> -0.097863191 | D89: =-Cmol!AK8 -> -0.10246691 | E89: =-Cmol!AL8 -> -0.12998869 | F89: 0 | G89: 0 | H89: 0 | I89: 0 | J89: 0 | K89: 0 | L89: 0 | M89: 0 | N89: 0 | O89: 0 | P89: 0 | Q89: 0 | R89: 0 | S89: 0 | T89: 0 | U89: 0 | V89: 0 | W89: 0 | X89: 0 | Y89: 0 | Z89: 0 | AA89: 0 | AB89: 0 | AC89: 0 | AD89: 0 | AE89: 0 | AF89: 0 | AG89: 0 | AH89: 0 | AI89: 0 | AJ89: 0 | AK89: 0 | AL89: 0 | AM89: 0 | AN89: 0 | AO89: 0 | AP89: 0 | AQ89: 0 | AR89: 0 | AS89: 0 | AT89: 0 | AU89: 0 | AV89: 0 | AW89: 0 | AX89: 0 | AY89: 0 | AZ89: 0 | BA89: 0 | BB89: 0 | BC89: 0 | BD89: 0 | BE89: 0 | BF89: 0 | BG89: 0 | BH89: 0 | BI89: 0 | BJ89: 0 | BK89: 0 | BL89: 0 | BM89: 47.22 | BN89: 0 | BO89: 0 | BP89: 0 | BQ89: 0 | BR89: 0 | BS89: 0 | BT89: 0 | BU89: 0 | BV89: 0 | BW89: 0 | BX89: 0 | BY89: 0 | BZ89: 0 | CA89: 0 | CB89: 0 | CC89: 0 | CD89: 0 | CE89: 0 | CF89: 0 | CG89: 0 | CH89: 0 | CI89: 0 | CJ89: 0 | CK89: 0 | CL89: 0 | CM89: 0 | CN89: 0 | CO89: 0 | CP89: 0 | CQ89: 0 | CR89: 0 | CS89: 0 | CT89: 0 | CU89: 0 | CV89: 0 | CW89: 0 | CX89: 0 | CY89: 0 | CZ89: 0 | DA89: 0 | DB89: 0 | DC89: 0 | DD89: 0 | DE89: 0 | DF89: 0 | DG89: 0 | DH89: 0 | DI89: 0 | DJ89: 0 | DK89: 0 | DL89: 0 | DM89: 0 | DN89: 0 | DO89: 0 | DP89: 0 | DQ89: 0 | DR89: 0 | DS89: 0 | DT89: 0 | DU89: 0 | DV89: 0 | DW89: 0 | DX89: 0 | DY89: 0 | DZ89: 0 | EA89: 0 | EB89: 0 | EC89: 0 | ED89: 0 | EE89: 0 | EF89: 0 | EG89: 0 | EH89: 0 | EI89: 0 | EJ89: 0 | EK89: 0 | EL89: 0 | EM89: 0 | EN89: 0 | EO89: 0 | EP89: 0 | EQ89: 0 | ER89: 0 | ES89: 0 | ET89: 0 | EU89: 0 | EV89: 0 | EW89: 0 | EX89: 0 | EY89: 0 | EZ89: 0 | FA89: 0 | FB89: 0 | FC89: 0 | FD89: 0 | FE89: 0 | FF89: 0 | FG89: 0 | FH89: 0 | FI89: 0 | FJ89: 0 | FK89: 0 | FL89: 0 | FM89: 0 | FN89: 0
A90: LYS:cyt | B90: 0 | C90: 0 | D90: 0 | E90: 0 | F90: 0 | G90: 0 | H90: 0 | I90: 0 | J90: 0 | K90: 0 | L90: 0 | M90: 0 | N90: 0 | O90: 0 | P90: 0 | Q90: 0 | R90: 0 | S90: 0 | T90: 0 | U90: 0 | V90: 0 | W90: -0.657 | X90: 0 | Y90: 0 | Z90: 0 | AA90: 0 | AB90: 0 | AC90: 0 | AD90: 0 | AE90: 0 | AF90: 0 | AG90: 0 | AH90: 0 | AI90: 0 | AJ90: 0 | AK90: 0 | AL90: 0 | AM90: 0 | AN90: 0 | AO90: 0 | AP90: 0 | AQ90: 0 | AR90: 0 | AS90: 0 | AT90: 0 | AU90: 0 | AV90: 0 | AW90: 0 | AX90: 0 | AY90: 0 | AZ90: 0 | BA90: 0 | BB90: 0 | BC90: 0 | BD90: 0 | BE90: 0 | BF90: 0 | BG90: 0 | BH90: 0 | BI90: 0 | BJ90: 0 | BK90: 0 | BL90: 0 | BM90: 0 | BN90: 1 | BO90: 0 | BP90: 0 | BQ90: 0 | BR90: 0 | BS90: 0 | BT90: 0 | BU90: 0 | BV90: 0 | BW90: 0 | BX90: 0 | BY90: 0 | BZ90: 0 | CA90: 0 | CB90: 0 | CC90: 0 | CD90: 0 | CE90: 0 | CF90: 0 | CG90: 0 | CH90: 0 | CI90: 0 | CJ90: 0 | CK90: 0 | CL90: 0 | CM90: 0 | CN90: 0 | CO90: 0 | CP90: 0 | CQ90: 0 | CR90: 0 | CS90: 0 | CT90: 0 | CU90: 0 | CV90: 0 | CW90: 0 | CX90: 0 | CY90: 0 | CZ90: 0 | DA90: 0 | DB90: 0 | DC90: 0 | DD90: 0 | DE90: 0 | DF90: 0 | DG90: 0 | DH90: 0 | DI90: 0 | DJ90: 0 | DK90: 0 | DL90: 0 | DM90: 0 | DN90: 0 | DO90: 0 | DP90: 0 | DQ90: 0 | DR90: 0 | DS90: 0 | DT90: 0 | DU90: 0 | DV90: 0 | DW90: 0 | DX90: 0 | DY90: 0 | DZ90: 0 | EA90: 0 | EB90: 0 | EC90: 0 | ED90: 0 | EE90: 0 | EF90: 0 | EG90: 0 | EH90: 0 | EI90: 0 | EJ90: 0 | EK90: 0 | EL90: 0 | EM90: 0 | EN90: 0 | EO90: 0 | EP90: 0 | EQ90: 0 | ER90: 0 | ES90: 0 | ET90: 0 | EU90: 0 | EV90: 0 | EW90: 0 | EX90: 0 | EY90: 0 | EZ90: 0 | FA90: 0 | FB90: 0 | FC90: 0 | FD90: 0 | FE90: 0 | FF90: 0 | FG90: 0 | FH90: 0 | FI90: 0 | FJ90: 0 | FK90: 0 | FL90: 0 | FM90: 0 | FN90: 0
A91: MACoA:cyt | B91: 0 | C91: 0 | D91: 0 | E91: 0 | F91: 0 | G91: 0 | H91: 0 | I91: 1 | J91: 0 | K91: 0 | L91: 0 | M91: 0 | N91: 0 | O91: 0 | P91: 0 | Q91: 0 | R91: 0 | S91: 0 | T91: 0 | U91: 0 | V91: 0 | W91: 0 | X91: 0 | Y91: 0 | Z91: 0 | AA91: 0 | AB91: 0 | AC91: 0 | AD91: 0 | AE91: 0 | AF91: 0 | AG91: 0 | AH91: 0 | AI91: 0 | AJ91: 0 | AK91: 0 | AL91: 0 | AM91: 0 | AN91: 0 | AO91: 0 | AP91: 0 | AQ91: 0 | AR91: 0 | AS91: 0 | AT91: 0 | AU91: 0 | AV91: 0 | AW91: 0 | AX91: 0 | AY91: 0 | AZ91: 0 | BA91: 0 | BB91: 0 | BC91: 0 | BD91: 0 | BE91: 0 | BF91: 0 | BG91: 0 | BH91: 0 | BI91: 0 | BJ91: 0 | BK91: 0 | BL91: 0 | BM91: 0 | BN91: 0 | BO91: 0 | BP91: 0 | BQ91: 0 | BR91: 0 | BS91: 0 | BT91: 0 | BU91: 0 | BV91: 0 | BW91: 0 | BX91: 0 | BY91: 0 | BZ91: 0 | CA91: 0 | CB91: 0 | CC91: 0 | CD91: 0 | CE91: -7 | CF91: 0 | CG91: 0 | CH91: 0 | CI91: 0 | CJ91: 0 | CK91: 0 | CL91: 0 | CM91: 0 | CN91: 0 | CO91: 0 | CP91: 0 | CQ91: 0 | CR91: 0 | CS91: 0 | CT91: -8 | CU91: 0 | CV91: 0 | CW91: 0 | CX91: 0 | CY91: 0 | CZ91: 0 | DA91: 0 | DB91: 0 | DC91: 0 | DD91: 0 | DE91: 0 | DF91: 0 | DG91: 0 | DH91: 0 | DI91: 0 | DJ91: 0 | DK91: 0 | DL91: 0 | DM91: 0 | DN91: 0 | DO91: 0 | DP91: 0 | DQ91: 0 | DR91: 0 | DS91: 0 | DT91: 0 | DU91: 0 | DV91: 0 | DW91: 0 | DX91: 0 | DY91: 0 | DZ91: 0 | EA91: 0 | EB91: 0 | EC91: 0 | ED91: 0 | EE91: 0 | EF91: 0 | EG91: 0 | EH91: 0 | EI91: 0 | EJ91: 0 | EK91: 0 | EL91: 0 | EM91: 0 | EN91: 0 | EO91: 0 | EP91: 0 | EQ91: 0 | ER91: 0 | ES91: 0 | ET91: 0 | EU91: 0 | EV91: 0 | EW91: 0 | EX91: 0 | EY91: 0 | EZ91: 0 | FA91: 0 | FB91: 0 | FC91: 0 | FD91: 0 | FE91: 0 | FF91: 0 | FG91: 0 | FH91: 0 | FI91: 0 | FJ91: 0 | FK91: 0 | FL91: 0 | FM91: 0 | FN91: 0
A92: MAL:cyt | B92: 0 | C92: 0 | D92: 0 | E92: 0 | F92: 0 | G92: 0 | H92: 0 | I92: 0 | J92: 0 | K92: 0 | L92: 0 | M92: 0 | N92: 0 | O92: 0 | P92: 0 | Q92: 0 | R92: 0 | S92: 0 | T92: 0 | U92: 0 | V92: 0 | W92: 0 | X92: 0 | Y92: 0 | Z92: 0 | AA92: 0 | AB92: 0 | AC92: 0 | AD92: 0 | AE92: 0 | AF92: 0 | AG92: 0 | AH92: 0 | AI92: 0 | AJ92: 0 | AK92: 0 | AL92: 0 | AM92: 0 | AN92: 0 | AO92: 0 | AP92: 0 | AQ92: 0 | AR92: 1 | AS92: 0 | AT92: 0 | AU92: 0 | AV92: 0 | AW92: 0 | AX92: 0 | AY92: 0 | AZ92: 0 | BA92: 0 | BB92: 0 | BC92: 0 | BD92: 0 | BE92: 0 | BF92: 0 | BG92: 0 | BH92: 0 | BI92: 0 | BJ92: 0 | BK92: 0 | BL92: 0 | BM92: 0 | BN92: 0 | BO92: -1 | BP92: 1 | BQ92: 0 | BR92: 0 | BS92: 0 | BT92: 0 | BU92: 0 | BV92: 0 | BW92: 0 | BX92: 0 | BY92: 0 | BZ92: 0 | CA92: 0 | CB92: 0 | CC92: 0 | CD92: 0 | CE92: 0 | CF92: 0 | CG92: 0 | CH92: 0 | CI92: 0 | CJ92: 0 | CK92: 0 | CL92: 0 | CM92: 0 | CN92: 0 | CO92: 0 | CP92: 0 | CQ92: 0 | CR92: 0 | CS92: 0 | CT92: 0 | CU92: 0 | CV92: 0 | CW92: 0 | CX92: 0 | CY92: 0 | CZ92: 0 | DA92: 0 | DB92: 0 | DC92: 0 | DD92: 0 | DE92: 0 | DF92: 0 | DG92: 0 | DH92: 0 | DI92: 0 | DJ92: 0 | DK92: 0 | DL92: 0 | DM92: 0 | DN92: 0 | DO92: 0 | DP92: 0 | DQ92: 0 | DR92: 0 | DS92: 0 | DT92: 0 | DU92: 0 | DV92: 0 | DW92: 0 | DX92: 0 | DY92: 0 | DZ92: 0 | EA92: 0 | EB92: 0 | EC92: 0 | ED92: 0 | EE92: 0 | EF92: 0 | EG92: 0 | EH92: 0 | EI92: 0 | EJ92: 0 | EK92: 0 | EL92: 0 | EM92: 0 | EN92: 0 | EO92: 0 | EP92: 0 | EQ92: -1 | ER92: 0 | ES92: -1 | ET92: 0 | EU92: 0 | EV92: 0 | EW92: 0 | EX92: 0 | EY92: 0 | EZ92: 0 | FA92: 0 | FB92: 0 | FC92: 0 | FD92: 0 | FE92: 0 | FF92: 0 | FG92: 0 | FH92: 0 | FI92: 0 | FJ92: 0 | FK92: 0 | FL92: 0 | FM92: 0 | FN92: 0
A93: MAL:mit | B93: 0 | C93: 0 | D93: 0 | E93: 0 | F93: 0 | G93: 0 | H93: 0 | I93: 0 | J93: 0 | K93: 0 | L93: 0 | M93: 0 | N93: 0 | O93: 0 | P93: 0 | Q93: 0 | R93: 0 | S93: 0 | T93: 0 | U93: 0 | V93: 0 | W93: 0 | X93: 0 | Y93: 0 | Z93: 0 | AA93: 0 | AB93: 0 | AC93: 0 | AD93: 0 | AE93: 0 | AF93: 0 | AG93: 0 | AH93: 0 | AI93: 0 | AJ93: 0 | AK93: 0 | AL93: 0 | AM93: 0 | AN93: 0 | AO93: 0 | AP93: 0 | AQ93: 0 | AR93: 0 | AS93: 0 | AT93: 0 | AU93: 0 | AV93: 0 | AW93: 0 | AX93: 0 | AY93: 0 | AZ93: 0 | BA93: 0 | BB93: 0 | BC93: 0 | BD93: 0 | BE93: 0 | BF93: 0 | BG93: 0 | BH93: 0 | BI93: 0 | BJ93: 0 | BK93: 0 | BL93: 0 | BM93: 0 | BN93: 0 | BO93: 0 | BP93: 0 | BQ93: 0 | BR93: 0 | BS93: 0 | BT93: 0 | BU93: 0 | BV93: 0 | BW93: 0 | BX93: 0 | BY93: 0 | BZ93: 0 | CA93: 0 | CB93: 0 | CC93: 0 | CD93: 0 | CE93: 0 | CF93: 0 | CG93: 0 | CH93: 0 | CI93: 0 | CJ93: 0 | CK93: 0 | CL93: 0 | CM93: 0 | CN93: 0 | CO93: 0 | CP93: 0 | CQ93: 0 | CR93: 0 | CS93: 0 | CT93: 0 | CU93: 0 | CV93: 0 | CW93: 0 | CX93: 0 | CY93: 0 | CZ93: 0 | DA93: 0 | DB93: 0 | DC93: 0 | DD93: 0 | DE93: 0 | DF93: 0 | DG93: 0 | DH93: 0 | DI93: 0 | DJ93: 0 | DK93: 0 | DL93: 0 | DM93: 0 | DN93: 0 | DO93: 0 | DP93: 0 | DQ93: 0 | DR93: 0 | DS93: 0 | DT93: 0 | DU93: 0 | DV93: 0 | DW93: 0 | DX93: 0 | DY93: 0 | DZ93: 1 | EA93: 0 | EB93: 0 | EC93: 0 | ED93: -1 | EE93: 0 | EF93: 0 | EG93: 0 | EH93: 0 | EI93: 0 | EJ93: 0 | EK93: 0 | EL93: 0 | EM93: 0 | EN93: 0 | EO93: 0 | EP93: 0 | EQ93: 1 | ER93: 0 | ES93: 1 | ET93: 0 | EU93: 0 | EV93: 0 | EW93: 0 | EX93: 0 | EY93: 0 | EZ93: 0 | FA93: 0 | FB93: 0 | FC93: 0 | FD93: 0 | FE93: 0 | FF93: 0 | FG93: 0 | FH93: 0 | FI93: 0 | FJ93: 0 | FK93: 0 | FL93: 0 | FM93: 0 | FN93: 0
A94: MET:cyt | B94: 0 | C94: 0 | D94: 0 | E94: 0 | F94: 0 | G94: 0 | H94: 0 | I94: 0 | J94: 0 | K94: 0 | L94: 0 | M94: 0 | N94: 0 | O94: 0 | P94: 0 | Q94: 0 | R94: 0 | S94: 0 | T94: 0 | U94: 0 | V94: 0 | W94: -0.1138 | X94: 0 | Y94: 0 | Z94: 0 | AA94: 0 | AB94: 0 | AC94: 0 | AD94: 0 | AE94: 0 | AF94: 0 | AG94: 0 | AH94: 0 | AI94: 0 | AJ94: 0 | AK94: 0 | AL94: 0 | AM94: 0 | AN94: 0 | AO94: 0 | AP94: 0 | AQ94: 0 | AR94: 0 | AS94: 0 | AT94: 0 | AU94: 0 | AV94: 0 | AW94: 0 | AX94: 0 | AY94: 0 | AZ94: 0 | BA94: 0 | BB94: 0 | BC94: 0 | BD94: 0 | BE94: 0 | BF94: 0 | BG94: 0 | BH94: 0 | BI94: 0 | BJ94: 0 | BK94: 0 | BL94: 0 | BM94: 0 | BN94: 0 | BO94: 0 | BP94: 0 | BQ94: -1 | BR94: 1 | BS94: 0 | BT94: 0 | BU94: 0 | BV94: 0 | BW94: 0 | BX94: 0 | BY94: 0 | BZ94: 0 | CA94: 0 | CB94: 0 | CC94: 0 | CD94: 0 | CE94: 0 | CF94: 0 | CG94: 0 | CH94: 0 | CI94: 0 | CJ94: 0 | CK94: 0 | CL94: 0 | CM94: 0 | CN94: 0 | CO94: 0 | CP94: 0 | CQ94: 0 | CR94: 0 | CS94: 0 | CT94: 0 | CU94: 0 | CV94: 0 | CW94: 0 | CX94: 0 | CY94: 0 | CZ94: 0 | DA94: 0 | DB94: 0 | DC94: 0 | DD94: 0 | DE94: 0 | DF94: 0 | DG94: 0 | DH94: 0 | DI94: 0 | DJ94: 0 | DK94: 0 | DL94: 0 | DM94: 0 | DN94: 0 | DO94: 0 | DP94: 0 | DQ94: 0 | DR94: 0 | DS94: 0 | DT94: 0 | DU94: 0 | DV94: 0 | DW94: 0 | DX94: 0 | DY94: 0 | DZ94: 0 | EA94: 0 | EB94: 0 | EC94: 0 | ED94: 0 | EE94: 0 | EF94: 0 | EG94: 0 | EH94: 0 | EI94: 0 | EJ94: 0 | EK94: 0 | EL94: 0 | EM94: 0 | EN94: 0 | EO94: 0 | EP94: 0 | EQ94: 0 | ER94: 0 | ES94: 0 | ET94: 0 | EU94: 0 | EV94: 0 | EW94: 0 | EX94: 0 | EY94: 0 | EZ94: 0 | FA94: 0 | FB94: 0 | FC94: 0 | FD94: 0 | FE94: 0 | FF94: 0 | FG94: 0 | FH94: 0 | FI94: 0 | FJ94: 0 | FK94: 0 | FL94: 0 | FM94: 0 | FN94: 0
A95: METHF:cyt | B95: 0 | C95: 0 | D95: 0 | E95: 0 | F95: 0 | G95: 0 | H95: 0 | I95: 0 | J95: 0 | K95: 0 | L95: 0 | M95: 0 | N95: 0 | O95: 0 | P95: 0 | Q95: 0 | R95: 0 | S95: 0 | T95: 0 | U95: 0 | V95: 0 | W95: 0 | X95: 0 | Y95: 0 | Z95: 0 | AA95: 0 | AB95: 0 | AC95: 0 | AD95: 0 | AE95: 0 | AF95: 0 | AG95: 0 | AH95: 0 | AI95: -0.3 | AJ95: 0 | AK95: 0 | AL95: 0 | AM95: 0 | AN95: 0 | AO95: 0 | AP95: 0 | AQ95: 0 | AR95: 0 | AS95: 0 | AT95: 0 | AU95: 0 | AV95: 0 | AW95: 0 | AX95: 0 | AY95: 1 | AZ95: 0 | BA95: 0 | BB95: 0 | BC95: 0 | BD95: 0 | BE95: 0 | BF95: 0 | BG95: 0 | BH95: 0 | BI95: 0 | BJ95: 0 | BK95: 0 | BL95: 0 | BM95: 0 | BN95: 0 | BO95: 0 | BP95: 0 | BQ95: 0 | BR95: 0 | BS95: 1 | BT95: -1 | BU95: 0 | BV95: 0 | BW95: 0 | BX95: 0 | BY95: 0 | BZ95: 0 | CA95: 0 | CB95: 0 | CC95: 0 | CD95: 0 | CE95: 0 | CF95: 0 | CG95: 0 | CH95: 0 | CI95: 0 | CJ95: 0 | CK95: 0 | CL95: 0 | CM95: 0 | CN95: 0 | CO95: 0 | CP95: 0 | CQ95: 0 | CR95: 0 | CS95: 0 | CT95: 0 | CU95: 0 | CV95: 0 | CW95: 0 | CX95: 0 | CY95: 0 | CZ95: 0 | DA95: 0 | DB95: 0 | DC95: 0 | DD95: 0 | DE95: 0 | DF95: 0 | DG95: 0 | DH95: 0 | DI95: 0 | DJ95: 0 | DK95: 0 | DL95: 0 | DM95: 0 | DN95: 0 | DO95: 0 | DP95: 0 | DQ95: 0 | DR95: 0 | DS95: 0 | DT95: 0 | DU95: 0 | DV95: 0 | DW95: 0 | DX95: 0 | DY95: 0 | DZ95: 0 | EA95: 0 | EB95: 0 | EC95: 0 | ED95: 0 | EE95: 0 | EF95: 0 | EG95: 0 | EH95: 0 | EI95: 0 | EJ95: 0 | EK95: 0 | EL95: 0 | EM95: 0 | EN95: 0 | EO95: 0 | EP95: 0 | EQ95: 0 | ER95: 0 | ES95: 0 | ET95: 0 | EU95: 0 | EV95: 0 | EW95: 0 | EX95: 0 | EY95: 0 | EZ95: 0 | FA95: 0 | FB95: 0 | FC95: 0 | FD95: 0 | FE95: 0 | FF95: 0 | FG95: 0 | FH95: 0 | FI95: 0 | FJ95: 0 | FK95: 0 | FL95: 0 | FM95: 0 | FN95: 0
A96: MYTHF:cyt | B96: 0 | C96: 0 | D96: 0 | E96: 0 | F96: 0 | G96: 0 | H96: 0 | I96: 0 | J96: 0 | K96: 0 | L96: 0 | M96: 0 | N96: 0 | O96: 0 | P96: 0 | Q96: 0 | R96: 0 | S96: 0 | T96: 0 | U96: 0 | V96: 0 | W96: 0 | X96: 0 | Y96: 0 | Z96: 0 | AA96: 0 | AB96: 0 | AC96: 0 | AD96: 0 | AE96: 0 | AF96: 0 | AG96: 0 | AH96: 0 | AI96: 0 | AJ96: 0 | AK96: 0 | AL96: 0 | AM96: 0 | AN96: 0 | AO96: 0 | AP96: 0 | AQ96: 0 | AR96: 0 | AS96: 0 | AT96: 0 | AU96: 0 | AV96: 0 | AW96: 0 | AX96: 0 | AY96: 0 | AZ96: 0 | BA96: 0 | BB96: 0 | BC96: 0 | BD96: 0 | BE96: 0 | BF96: 0 | BG96: 0 | BH96: 0 | BI96: 0 | BJ96: 0 | BK96: 0 | BL96: 0 | BM96: 0 | BN96: 0 | BO96: 0 | BP96: 0 | BQ96: 0 | BR96: -1 | BS96: 0 | BT96: 1 | BU96: 0 | BV96: 0 | BW96: 0 | BX96: 0 | BY96: 0 | BZ96: 0 | CA96: 0 | CB96: 0 | CC96: 0 | CD96: 0 | CE96: 0 | CF96: 0 | CG96: 0 | CH96: 0 | CI96: 0 | CJ96: 0 | CK96: 0 | CL96: 0 | CM96: 0 | CN96: 0 | CO96: 0 | CP96: 0 | CQ96: 0 | CR96: 0 | CS96: 0 | CT96: 0 | CU96: 0 | CV96: 0 | CW96: 0 | CX96: 0 | CY96: 0 | CZ96: 0 | DA96: 0 | DB96: 0 | DC96: 0 | DD96: 0 | DE96: 0 | DF96: 0 | DG96: 0 | DH96: 0 | DI96: 0 | DJ96: 0 | DK96: 0 | DL96: 0 | DM96: 0 | DN96: 0 | DO96: 0 | DP96: 0 | DQ96: 0 | DR96: 0 | DS96: 0 | DT96: 0 | DU96: 0 | DV96: 0 | DW96: 0 | DX96: 0 | DY96: 0 | DZ96: 0 | EA96: 0 | EB96: 0 | EC96: 0 | ED96: 0 | EE96: 0 | EF96: 0 | EG96: 0 | EH96: 0 | EI96: 0 | EJ96: 0 | EK96: 0 | EL96: 0 | EM96: 0 | EN96: 0 | EO96: 0 | EP96: 0 | EQ96: 0 | ER96: 0 | ES96: 0 | ET96: 0 | EU96: 0 | EV96: 0 | EW96: 0 | EX96: 0 | EY96: 0 | EZ96: 0 | FA96: 0 | FB96: 0 | FC96: 0 | FD96: 0 | FE96: 0 | FF96: 0 | FG96: 0 | FH96: 0 | FI96: 0 | FJ96: 0 | FK96: 0 | FL96: 0 | FM96: 0 | FN96: 0
A97: NAD:cyt | B97: 0 | C97: 0 | D97: 0 | E97: 0 | F97: 0 | G97: 0 | H97: 0 | I97: 0 | J97: 0 | K97: -1 | L97: 0 | M97: 0 | N97: 0 | O97: 0 | P97: 0 | Q97: 0 | R97: 0 | S97: 0 | T97: 0 | U97: 0 | V97: 0 | W97: 0 | X97: 0 | Y97: 0 | Z97: 0 | AA97: 0 | AB97: 0 | AC97: 0 | AD97: 0 | AE97: 0 | AF97: 0 | AG97: 0 | AH97: 0 | AI97: 0 | AJ97: 0 | AK97: 0 | AL97: 0 | AM97: 1 | AN97: 0 | AO97: 0 | AP97: 0 | AQ97: 0 | AR97: 0 | AS97: 0 | AT97: 0 | AU97: -1 | AV97: 0 | AW97: 0 | AX97: 0 | AY97: 0 | AZ97: 0 | BA97: -1 | BB97: 1 | BC97: 0 | BD97: 0 | BE97: 0 | BF97: 0 | BG97: -2 | BH97: 0 | BI97: 0 | BJ97: 0 | BK97: 0 | BL97: -1 | BM97: 0 | BN97: -1 | BO97: -1 | BP97: 0 | BQ97: 0 | BR97: 0 | BS97: 0 | BT97: 0 | BU97: 1 | BV97: 0 | BW97: 0 | BX97: 0 | BY97: 0 | BZ97: 0 | CA97: 0 | CB97: 0 | CC97: 0 | CD97: 0 | CE97: 0 | CF97: 0 | CG97: 0 | CH97: 0 | CI97: 0 | CJ97: 0 | CK97: 0 | CL97: 0 | CM97: 0 | CN97: 0 | CO97: -1 | CP97: 0 | CQ97: 0 | CR97: 0 | CS97: 0 | CT97: 0 | CU97: 0 | CV97: 0 | CW97: 0 | CX97: 0 | CY97: 0 | CZ97: 0 | DA97: 0 | DB97: 0 | DC97: 0 | DD97: 0 | DE97: 0 | DF97: 0 | DG97: 0 | DH97: 0 | DI97: 0 | DJ97: 0 | DK97: 0 | DL97: 0 | DM97: 0 | DN97: 0 | DO97: 0 | DP97: 0 | DQ97: 0 | DR97: 0 | DS97: 0 | DT97: 0 | DU97: 0 | DV97: 0 | DW97: 0 | DX97: 0 | DY97: 0 | DZ97: 0 | EA97: 0 | EB97: 0 | EC97: 0 | ED97: 0 | EE97: 0 | EF97: 0 | EG97: 0 | EH97: 0 | EI97: 0 | EJ97: 0 | EK97: 0 | EL97: 0 | EM97: 0 | EN97: 0 | EO97: 0 | EP97: 0 | EQ97: 0 | ER97: 0 | ES97: 0 | ET97: 0 | EU97: 0 | EV97: 0 | EW97: 0 | EX97: 0 | EY97: 0 | EZ97: 0 | FA97: 0 | FB97: 0 | FC97: 0 | FD97: 0 | FE97: 0 | FF97: 0 | FG97: 0 | FH97: 0 | FI97: 0 | FJ97: 0 | FK97: 0 | FL97: 0 | FM97: 0 | FN97: 0
A98: NAD:mit | B98: 0 | C98: 0 | D98: 0 | E98: 0 | F98: 0 | G98: 0 | H98: 0 | I98: 0 | J98: 0 | K98: 0 | L98: 0 | M98: 0 | N98: 0 | O98: 0 | P98: 0 | Q98: 0 | R98: 0 | S98: 0 | T98: 0 | U98: 0 | V98: 0 | W98: 0 | X98: 0 | Y98: 0 | Z98: 0 | AA98: 0 | AB98: 0 | AC98: 0 | AD98: 0 | AE98: 0 | AF98: 0 | AG98: 0 | AH98: 0 | AI98: 0 | AJ98: 0 | AK98: 0 | AL98: 0 | AM98: 0 | AN98: 0 | AO98: 0 | AP98: 0 | AQ98: 0 | AR98: 0 | AS98: 0 | AT98: 0 | AU98: 0 | AV98: 0 | AW98: 0 | AX98: 0 | AY98: 0 | AZ98: 0 | BA98: 0 | BB98: 0 | BC98: 0 | BD98: 0 | BE98: 0 | BF98: 0 | BG98: 0 | BH98: 0 | BI98: 0 | BJ98: 0 | BK98: 0 | BL98: 0 | BM98: 0 | BN98: 0 | BO98: 0 | BP98: 0 | BQ98: 0 | BR98: 0 | BS98: 0 | BT98: 0 | BU98: 0 | BV98: 0 | BW98: 0 | BX98: 0 | BY98: 0 | BZ98: 0 | CA98: 0 | CB98: 0 | CC98: 0 | CD98: 0 | CE98: 0 | CF98: 0 | CG98: 0 | CH98: 0 | CI98: 0 | CJ98: 0 | CK98: 0 | CL98: 0 | CM98: 0 | CN98: 0 | CO98: 0 | CP98: 0 | CQ98: 0 | CR98: 0 | CS98: 0 | CT98: 0 | CU98: 0 | CV98: 0 | CW98: 0 | CX98: 0 | CY98: 0 | CZ98: 0 | DA98: 0 | DB98: 0 | DC98: 0 | DD98: 0 | DE98: 0 | DF98: 0 | DG98: 0 | DH98: 0 | DI98: 0 | DJ98: 0 | DK98: 0 | DL98: 0 | DM98: 0 | DN98: 0 | DO98: 0 | DP98: 0 | DQ98: 0 | DR98: 0 | DS98: 0 | DT98: 0 | DU98: 0 | DV98: -1 | DW98: 0 | DX98: 0 | DY98: 1 | DZ98: 0 | EA98: -1 | EB98: 0 | EC98: 0 | ED98: -1 | EE98: 1 | EF98: 1 | EG98: -1 | EH98: -1 | EI98: 0 | EJ98: 0 | EK98: 0 | EL98: 0 | EM98: 0 | EN98: 0 | EO98: 0 | EP98: 0 | EQ98: 0 | ER98: 0 | ES98: 0 | ET98: 0 | EU98: 0 | EV98: 0 | EW98: 0 | EX98: 0 | EY98: 0 | EZ98: 0 | FA98: 0 | FB98: 0 | FC98: 0 | FD98: 0 | FE98: 0 | FF98: 0 | FG98: 0 | FH98: 0 | FI98: 0 | FJ98: 0 | FK98: 0 | FL98: 0 | FM98: 0 | FN98: 0
A99: NADH:cyt | B99: 0 | C99: 0 | D99: 0 | E99: 0 | F99: 0 | G99: 0 | H99: 0 | I99: 0 | J99: 0 | K99: 1 | L99: 0 | M99: 0 | N99: 0 | O99: 0 | P99: 0 | Q99: 0 | R99: 0 | S99: 0 | T99: 0 | U99: 0 | V99: 0 | W99: 0 | X99: 0 | Y99: 0 | Z99: 0 | AA99: 0 | AB99: 0 | AC99: 0 | AD99: 0 | AE99: 0 | AF99: 0 | AG99: 0 | AH99: 0 | AI99: 0 | AJ99: 0 | AK99: 0 | AL99: 0 | AM99: -1 | AN99: 0 | AO99: 0 | AP99: 0 | AQ99: 0 | AR99: 0 | AS99: 0 | AT99: 0 | AU99: 1 | AV99: 0 | AW99: 0 | AX99: 0 | AY99: 0 | AZ99: 0 | BA99: 1 | BB99: -1 | BC99: 0 | BD99: 0 | BE99: 0 | BF99: 0 | BG99: 2 | BH99: 0 | BI99: 0 | BJ99: 0 | BK99: 0 | BL99: 1 | BM99: 0 | BN99: 1 | BO99: 1 | BP99: 0 | BQ99: 0 | BR99: 0 | BS99: 0 | BT99: 0 | BU99: -1 | BV99: 0 | BW99: 0 | BX99: 0 | BY99: 0 | BZ99: 0 | CA99: 0 | CB99: 0 | CC99: 0 | CD99: 0 | CE99: 0 | CF99: 0 | CG99: 0 | CH99: 0 | CI99: 0 | CJ99: 0 | CK99: 0 | CL99: 0 | CM99: 0 | CN99: 0 | CO99: 1 | CP99: 0 | CQ99: 0 | CR99: 0 | CS99: 0 | CT99: 0 | CU99: 0 | CV99: 0 | CW99: 0 | CX99: 0 | CY99: 0 | CZ99: 0 | DA99: 0 | DB99: 0 | DC99: 0 | DD99: 0 | DE99: 0 | DF99: 0 | DG99: 0 | DH99: 0 | DI99: 0 | DJ99: 0 | DK99: 0 | DL99: 0 | DM99: 0 | DN99: 0 | DO99: 0 | DP99: 0 | DQ99: 0 | DR99: 0 | DS99: 0 | DT99: 0 | DU99: 0 | DV99: 0 | DW99: 0 | DX99: 0 | DY99: 0 | DZ99: 0 | EA99: 0 | EB99: 0 | EC99: 0 | ED99: 0 | EE99: 0 | EF99: 0 | EG99: 0 | EH99: 0 | EI99: 0 | EJ99: 0 | EK99: 0 | EL99: 0 | EM99: 0 | EN99: 0 | EO99: 0 | EP99: 0 | EQ99: 0 | ER99: 0 | ES99: 0 | ET99: 0 | EU99: 0 | EV99: 0 | EW99: 0 | EX99: 0 | EY99: 0 | EZ99: 0 | FA99: 0 | FB99: 0 | FC99: 0 | FD99: 0 | FE99: 0 | FF99: 0 | FG99: 0 | FH99: 0 | FI99: 0 | FJ99: 0 | FK99: 0 | FL99: 0 | FM99: 0 | FN99: 0
A100: NADH:mit | B100: 0 | C100: 0 | D100: 0 | E100: 0 | F100: 0 | G100: 0 | H100: 0 | I100: 0 | J100: 0 | K100: 0 | L100: 0 | M100: 0 | N100: 0 | O100: 0 | P100: 0 | Q100: 0 | R100: 0 | S100: 0 | T100: 0 | U100: 0 | V100: 0 | W100: 0 | X100: 0 | Y100: 0 | Z100: 0 | AA100: 0 | AB100: 0 | AC100: 0 | AD100: 0 | AE100: 0 | AF100: 0 | AG100: 0 | AH100: 0 | AI100: 0 | AJ100: 0 | AK100: 0 | AL100: 0 | AM100: 0 | AN100: 0 | AO100: 0 | AP100: 0 | AQ100: 0 | AR100: 0 | AS100: 0 | AT100: 0 | AU100: 0 | AV100: 0 | AW100: 0 | AX100: 0 | AY100: 0 | AZ100: 0 | BA100: 0 | BB100: 0 | BC100: 0 | BD100: 0 | BE100: 0 | BF100: 0 | BG100: 0 | BH100: 0 | BI100: 0 | BJ100: 0 | BK100: 0 | BL100: 0 | BM100: 0 | BN100: 0 | BO100: 0 | BP100: 0 | BQ100: 0 | BR100: 0 | BS100: 0 | BT100: 0 | BU100: 0 | BV100: 0 | BW100: 0 | BX100: 0 | BY100: 0 | BZ100: 0 | CA100: 0 | CB100: 0 | CC100: 0 | CD100: 0 | CE100: 0 | CF100: 0 | CG100: 0 | CH100: 0 | CI100: 0 | CJ100: 0 | CK100: 0 | CL100: 0 | CM100: 0 | CN100: 0 | CO100: 0 | CP100: 0 | CQ100: 0 | CR100: 0 | CS100: 0 | CT100: 0 | CU100: 0 | CV100: 0 | CW100: 0 | CX100: 0 | CY100: 0 | CZ100: 0 | DA100: 0 | DB100: 0 | DC100: 0 | DD100: 0 | DE100: 0 | DF100: 0 | DG100: 0 | DH100: 0 | DI100: 0 | DJ100: 0 | DK100: 0 | DL100: 0 | DM100: 0 | DN100: 0 | DO100: 0 | DP100: 0 | DQ100: 0 | DR100: 0 | DS100: 0 | DT100: 0 | DU100: 0 | DV100: 1 | DW100: 0 | DX100: 0 | DY100: -1 | DZ100: 0 | EA100: 1 | EB100: 0 | EC100: 0 | ED100: 1 | EE100: -1 | EF100: -1 | EG100: 1 | EH100: 1 | EI100: 0 | EJ100: 0 | EK100: 0 | EL100: 0 | EM100: 0 | EN100: 0 | EO100: 0 | EP100: 0 | EQ100: 0 | ER100: 0 | ES100: 0 | ET100: 0 | EU100: 0 | EV100: 0 | EW100: 0 | EX100: 0 | EY100: 0 | EZ100: 0 | FA100: 0 | FB100: 0 | FC100: 0 | FD100: 0 | FE100: 0 | FF100: 0 | FG100: 0 | FH100: 0 | FI100: 0 | FJ100: 0 | FK100: 0 | FL100: 0 | FM100: 0 | FN100: 0
A101: NADP:cyt | B101: 0 | C101: 0 | D101: 0 | E101: 0 | F101: 0 | G101: 0 | H101: 0 | I101: 0 | J101: 0 | K101: 0 | L101: -1 | M101: 0 | N101: 0 | O101: 0 | P101: 0 | Q101: 0 | R101: 0 | S101: 0 | T101: 0 | U101: 2 | V101: 0 | W101: 0 | X101: 0 | Y101: 0 | Z101: 0 | AA101: 0 | AB101: 0 | AC101: 0 | AD101: 0 | AE101: 0 | AF101: 0 | AG101: 0 | AH101: 1 | AI101: 1 | AJ101: 0 | AK101: 0 | AL101: 0 | AM101: 0 | AN101: 0 | AO101: 0 | AP101: 0 | AQ101: 0 | AR101: 0 | AS101: -2 | AT101: 0 | AU101: 0 | AV101: 0 | AW101: 1 | AX101: 0 | AY101: 0 | AZ101: 0 | BA101: 0 | BB101: 0 | BC101: 0 | BD101: 0 | BE101: 0 | BF101: 0 | BG101: 0 | BH101: -1 | BI101: 0 | BJ101: 0 | BK101: 0 | BL101: 0 | BM101: 0 | BN101: 2 | BO101: 0 | BP101: 0 | BQ101: 0 | BR101: 0 | BS101: 1 | BT101: 1 | BU101: 0 | BV101: 0 | BW101: 0 | BX101: 0 | BY101: 0 | BZ101: 0 | CA101: 0 | CB101: 0 | CC101: 1 | CD101: 0 | CE101: 14 | CF101: 0 | CG101: 2 | CH101: 0 | CI101: 0 | CJ101: 0 | CK101: 0 | CL101: 0 | CM101: 0 | CN101: 0 | CO101: 0 | CP101: 1 | CQ101: 4 | CR101: 1 | CS101: 0 | CT101: 16 | CU101: 0 | CV101: 0 | CW101: 0 | CX101: 0 | CY101: 0 | CZ101: 0 | DA101: 0 | DB101: 0 | DC101: 0 | DD101: -1 | DE101: 0 | DF101: 0 | DG101: 0 | DH101: 0 | DI101: 0 | DJ101: 0 | DK101: 0 | DL101: 0 | DM101: 0 | DN101: 0 | DO101: 0 | DP101: 0 | DQ101: 0 | DR101: 0 | DS101: 0 | DT101: 0 | DU101: 0 | DV101: 0 | DW101: 0 | DX101: 0 | DY101: 0 | DZ101: 0 | EA101: 0 | EB101: 0 | EC101: 0 | ED101: 0 | EE101: 0 | EF101: 0 | EG101: 0 | EH101: 0 | EI101: 0 | EJ101: 0 | EK101: 0 | EL101: 0 | EM101: 0 | EN101: 0 | EO101: 0 | EP101: 0 | EQ101: 0 | ER101: 0 | ES101: 0 | ET101: 0 | EU101: 0 | EV101: 0 | EW101: 0 | EX101: 0 | EY101: 0 | EZ101: 0 | FA101: 0 | FB101: 0 | FC101: 0 | FD101: 0 | FE101: 0 | FF101: 0 | FG101: 0 | FH101: 0 | FI101: 0 | FJ101: 0 | FK101: 0 | FL101: 0 | FM101: 0 | FN101: 0
... A137: PRO:cyt | B137: 0 | C137: 0 | D137: 0 | E137: 0 | F137: 0 | G137: 0 | H137: 0 | I137: 0 | J137: 0 | K137: 0 | L137: 0 | M137: 0 | N137: 0 | O137: 0 | P137: 0 | Q137: 0 | R137: 0 | S137: 0 | T137: 0 | U137: 0 | V137: 0 | W137: -0.4224 | X137: 0 | Y137: 0 | Z137: 0 | AA137: 0 | AB137: 0 | AC137: 0 | AD137: 0 | AE137: 0 | AF137: 0 | AG137: 0 | AH137: 0 | AI137: 0 | AJ137: 0 | AK137: 0 | AL137: 0 | AM137: 0 | AN137: 0 | AO137: 0 | AP137: 0 | AQ137: 0 | AR137: 0 | AS137: 0 | AT137: 0 | AU137: 0 | AV137: 0 | AW137: 0 | AX137: 0 | AY137: 0 | AZ137: 0 | BA137: 0 | BB137: 0 | BC137: 0 | BD137: 0 | BE137: 0 | BF137: 0 | BG137: 0 | BH137: 0 | BI137: 0 | BJ137: 0 | BK137: 0 | BL137: 0 | BM137: 0 | BN137: 0 | BO137: 0 | BP137: 0 | BQ137: 0 | BR137: 0 | BS137: 0 | BT137: 0 | BU137: 0 | BV137: 0 | BW137: 0 | BX137: 0 | BY137: 0 | BZ137: 0 | CA137: 0 | CB137: 0 | CC137: 0 | CD137: 0 | CE137: 0 | CF137: 0 | CG137: 1 | CH137: 0 | CI137: 0 | CJ137: 0 | CK137: 0 | CL137: 0 | CM137: 0 | CN137: 0 | CO137: 0 | CP137: 0 | CQ137: 0 | CR137: 0 | CS137: 0 | CT137: 0 | CU137: 0 | CV137: 0 | CW137: 0 | CX137: 0 | CY137: 0 | CZ137: 0 | DA137: 0 | DB137: 0 | DC137: 0 | DD137: 0 | DE137: 0 | DF137: 0 | DG137: 0 | DH137: 0 | DI137: 0 | DJ137: 0 | DK137: 0 | DL137: 0 | DM137: 0 | DN137: 0 | DO137: 0 | DP137: 0 | DQ137: 0 | DR137: 0 | DS137: 0 | DT137: 0 | DU137: 0 | DV137: 0 | DW137: 0 | DX137: 0 | DY137: 0 | DZ137: 0 | EA137: 0 | EB137: 0 | EC137: 0 | ED137: 0 | EE137: 0 | EF137: 0 | EG137: 0 | EH137: 0 | EI137: 0 | EJ137: 0 | EK137: 0 | EL137: 0 | EM137: 0 | EN137: 0 | EO137: 0 | EP137: 0 | EQ137: 0 | ER137: 0 | ES137: 0 | ET137: 0 | EU137: 0 | EV137: 0 | EW137: 0 | EX137: 0 | EY137: 0 | EZ137: 0 | FA137: 0 | FB137: 0 | FC137: 0 | FD137: 0 | FE137: 0 | FF137: 0 | FG137: 0 | FH137: 0 | FI137: 0 | FJ137: 0 | FK137: 0 | FL137: 0 | FM137: 0 | FN137: 0
A138: PROT:cyt | B138: 0 | C138: =-Cmol!AJ9 -> -0.6191282 | D138: =-Cmol!AK9 -> -0.54907224 | E138: =-Cmol!AL9 -> -0.44554084 | F138: 0 | G138: 0 | H138: 0 | I138: 0 | J138: 0 | K138: 0 | L138: 0 | M138: 0 | N138: 0 | O138: 0 | P138: 0 | Q138: 0 | R138: 0 | S138: 0 | T138: 0 | U138: 0 | V138: 0 | W138: 0 | X138: 0 | Y138: 0 | Z138: 0 | AA138: 0 | AB138: 0 | AC138: 0 | AD138: 0 | AE138: 0 | AF138: 0 | AG138: 0 | AH138: 0 | AI138: 0 | AJ138: 0 | AK138: 0 | AL138: 0 | AM138: 0 | AN138: 0 | AO138: 0 | AP138: 0 | AQ138: 0 | AR138: 0 | AS138: 0 | AT138: 0 | AU138: 0 | AV138: 0 | AW138: 0 | AX138: 0 | AY138: 0 | AZ138: 0 | BA138: 0 | BB138: 0 | BC138: 0 | BD138: 0 | BE138: 0 | BF138: 0 | BG138: 0 | BH138: 0 | BI138: 0 | BJ138: 0 | BK138: 0 | BL138: 0 | BM138: 0 | BN138: 0 | BO138: 0 | BP138: 0 | BQ138: 0 | BR138: 0 | BS138: 0 | BT138: 0 | BU138: 0 | BV138: 0 | BW138: 0 | BX138: 0 | BY138: 0 | BZ138: 0 | CA138: 0 | CB138: 0 | CC138: 0 | CD138: 0 | CE138: 0 | CF138: 0 | CG138: 0 | CH138: 4.81 | CI138: 0 | CJ138: 0 | CK138: 0 | CL138: 0 | CM138: 0 | CN138: 0 | CO138: 0 | CP138: 0 | CQ138: 0 | CR138: 0 | CS138: 0 | CT138: 0 | CU138: 0 | CV138: 0 | CW138: 0 | CX138: 0 | CY138: 0 | CZ138: 0 | DA138: 0 | DB138: 0 | DC138: 0 | DD138: 0 | DE138: 0 | DF138: 0 | DG138: 0 | DH138: 0 | DI138: 0 | DJ138: 0 | DK138: 0 | DL138: 0 | DM138: 0 | DN138: 0 | DO138: 0 | DP138: 0 | DQ138: 0 | DR138: 0 | DS138: 0 | DT138: 0 | DU138: 0 | DV138: 0 | DW138: 0 | DX138: 0 | DY138: 0 | DZ138: 0 | EA138: 0 | EB138: 0 | EC138: 0 | ED138: 0 | EE138: 0 | EF138: 0 | EG138: 0 | EH138: 0 | EI138: 0 | EJ138: 0 | EK138: 0 | EL138: 0 | EM138: 0 | EN138: 0 | EO138: 0 | EP138: 0 | EQ138: 0 | ER138: 0 | ES138: 0 | ET138: 0 | EU138: 0 | EV138: 0 | EW138: 0 | EX138: 0 | EY138: 0 | EZ138: 0 | FA138: 0 | FB138: 0 | FC138: 0 | FD138: 0 | FE138: 0 | FF138: 0 | FG138: 0 | FH138: 0 | FI138: 0 | FJ138: 0 | FK138: 0 | FL138: 0 | FM138: 0 | FN138: 0
A139: PRPP:cyt | B139: 0 | C139: 0 | D139: 0 | E139: 0 | F139: 0 | G139: 0 | H139: 0 | I139: 0 | J139: 0 | K139: 0 | L139: 0 | M139: 0 | N139: 0 | O139: -1 | P139: 0 | Q139: 0 | R139: 0 | S139: 0 | T139: 0 | U139: 0 | V139: 0 | W139: 0 | X139: 0 | Y139: 0 | Z139: 0 | AA139: 0 | AB139: 0 | AC139: 0 | AD139: 0 | AE139: 0 | AF139: 0 | AG139: 0 | AH139: 0 | AI139: 0 | AJ139: 0 | AK139: 0 | AL139: 0 | AM139: 0 | AN139: 0 | AO139: 0 | AP139: 0 | AQ139: 0 | AR139: 0 | AS139: 0 | AT139: 0 | AU139: 0 | AV139: 0 | AW139: 0 | AX139: 0 | AY139: 0 | AZ139: 0 | BA139: 0 | BB139: 0 | BC139: 0 | BD139: 0 | BE139: 0 | BF139: 0 | BG139: -1 | BH139: 0 | BI139: 0 | BJ139: 0 | BK139: 0 | BL139: 0 | BM139: 0 | BN139: 0 | BO139: 0 | BP139: 0 | BQ139: 0 | BR139: 0 | BS139: 0 | BT139: 0 | BU139: 0 | BV139: 0 | BW139: 0 | BX139: 0 | BY139: 0 | BZ139: 0 | CA139: 0 | CB139: 0 | CC139: 0 | CD139: 0 | CE139: 0 | CF139: 0 | CG139: 0 | CH139: 0 | CI139: 1 | CJ139: 0 | CK139: 0 | CL139: 0 | CM139: 0 | CN139: 0 | CO139: 0 | CP139: 0 | CQ139: 0 | CR139: 0 | CS139: 0 | CT139: 0 | CU139: 0 | CV139: 0 | CW139: 0 | CX139: 0 | CY139: 0 | CZ139: 0 | DA139: 0 | DB139: 0 | DC139: -1 | DD139: 0 | DE139: 0 | DF139: 0 | DG139: -1 | DH139: 0 | DI139: 0 | DJ139: 0 | DK139: 0 | DL139: 0 | DM139: 0 | DN139: 0 | DO139: 0 | DP139: 0 | DQ139: 0 | DR139: 0 | DS139: 0 | DT139: 0 | DU139: 0 | DV139: 0 | DW139: 0 | DX139: 0 | DY139: 0 | DZ139: 0 | EA139: 0 | EB139: 0 | EC139: 0 | ED139: 0 | EE139: 0 | EF139: 0 | EG139: 0 | EH139: 0 | EI139: 0 | EJ139: 0 | EK139: 0 | EL139: 0 | EM139: 0 | EN139: 0 | EO139: 0 | EP139: 0 | EQ139: 0 | ER139: 0 | ES139: 0 | ET139: 0 | EU139: 0 | EV139: 0 | EW139: 0 | EX139: 0 | EY139: 0 | EZ139: 0 | FA139: 0 | FB139: 0 | FC139: 0 | FD139: 0 | FE139: 0 | FF139: 0 | FG139: 0 | FH139: 0 | FI139: 0 | FJ139: 0 | FK139: 0 | FL139: 0 | FM139: 0 | FN139: 0
A140: PYR:cyt | B140: 0 | C140: 0 | D140: 0 | E140: 0 | F140: 0 | G140: 0 | H140: 0 | I140: 0 | J140: 0 | K140: 0 | L140: 0 | M140: 0 | N140: 0 | O140: 0 | P140: -1 | Q140: 0 | R140: 0 | S140: 0 | T140: 0 | U140: 0 | V140: 0 | W140: 0 | X140: 0 | Y140: 0 | Z140: 0 | AA140: 0 | AB140: 0 | AC140: 0 | AD140: 0 | AE140: 0 | AF140: 0 | AG140: 0 | AH140: 0 | AI140: 0 | AJ140: 0 | AK140: 0 | AL140: 0 | AM140: 0 | AN140: 0 | AO140: 0 | AP140: 0 | AQ140: 0 | AR140: 0 | AS140: 0 | AT140: 0 | AU140: 0 | AV140: 0 | AW140: 0 | AX140: 0 | AY140: 0 | AZ140: 0 | BA140: 0 | BB140: 0 | BC140: 0 | BD140: 0 | BE140: 0 | BF140: 0 | BG140: 0 | BH140: 0 | BI140: 0 | BJ140: 0 | BK140: 0 | BL140: 0 | BM140: 0 | BN140: 0 | BO140: 0 | BP140: 0 | BQ140: 0 | BR140: 0 | BS140: 0 | BT140: 0 | BU140: 0 | BV140: 0 | BW140: 0 | BX140: 0 | BY140: 0 | BZ140: 0 | CA140: 0 | CB140: 0 | CC140: 0 | CD140: 0 | CE140: 0 | CF140: 0 | CG140: 0 | CH140: 0 | CI140: 0 | CJ140: 1 | CK140: 0 | CL140: 0 | CM140: 0 | CN140: 0 | CO140: 0 | CP140: 0 | CQ140: 0 | CR140: 0 | CS140: 0 | CT140: 0 | CU140: 0 | CV140: 0 | CW140: 0 | CX140: 0 | CY140: 0 | CZ140: 0 | DA140: 0 | DB140: 0 | DC140: 1 | DD140: 0 | DE140: 0 | DF140: 0 | DG140: 0 | DH140: 0 | DI140: 0 | DJ140: 0 | DK140: 0 | DL140: 0 | DM140: 0 | DN140: 0 | DO140: 0 | DP140: 0 | DQ140: 0 | DR140: 0 | DS140: 0 | DT140: 0 | DU140: 0 | DV140: 0 | DW140: 0 | DX140: 0 | DY140: 0 | DZ140: 0 | EA140: 0 | EB140: 0 | EC140: 0 | ED140: 0 | EE140: 0 | EF140: 0 | EG140: 0 | EH140: 0 | EI140: 0 | EJ140: 0 | EK140: 0 | EL140: 0 | EM140: 0 | EN140: 0 | EO140: 0 | EP140: 0 | EQ140: 0 | ER140: 0 | ES140: 0 | ET140: 0 | EU140: 0 | EV140: 0 | EW140: 0 | EX140: 0 | EY140: -1 | EZ140: 0 | FA140: 0 | FB140: 0 | FC140: 0 | FD140: 0 | FE140: 0 | FF140: 0 | FG140: 0 | FH140: 0 | FI140: 0 | FJ140: 0 | FK140: 0 | FL140: 0 | FM140: 0 | FN140: 0
A141: PYR:mit | B141: 0 | C141: 0 | D141: 0 | E141: 0 | F141: 0 | G141: 0 | H141: 0 | I141: 0 | J141: 0 | K141: 0 | L141: 0 | M141: 0 | N141: 0 | O141: 0 | P141: 0 | Q141: 0 | R141: 0 | S141: 0 | T141: 0 | U141: 0 | V141: 0 | W141: 0 | X141: 0 | Y141: 0 | Z141: 0 | AA141: 0 | AB141: 0 | AC141: 0 | AD141: 0 | AE141: 0 | AF141: 0 | AG141: 0 | AH141: 0 | AI141: 0 | AJ141: 0 | AK141: 0 | AL141: 0 | AM141: 0 | AN141: 0 | AO141: 0 | AP141: 0 | AQ141: 0 | AR141: 0 | AS141: 0 | AT141: 0 | AU141: 0 | AV141: 0 | AW141: 0 | AX141: 0 | AY141: 0 | AZ141: 0 | BA141: 0 | BB141: 0 | BC141: 0 | BD141: 0 | BE141: 0 | BF141: 0 | BG141: 0 | BH141: 0 | BI141: 0 | BJ141: 0 | BK141: 0 | BL141: 0 | BM141: 0 | BN141: 0 | BO141: 0 | BP141: 0 | BQ141: 0 | BR141: 0 | BS141: 0 | BT141: 0 | BU141: 0 | BV141: 0 | BW141: 0 | BX141: 0 | BY141: 0 | BZ141: 0 | CA141: 0 | CB141: 0 | CC141: 0 | CD141: 0 | CE141: 0 | CF141: 0 | CG141: 0 | CH141: 0 | CI141: 0 | CJ141: 0 | CK141: 0 | CL141: 0 | CM141: 0 | CN141: 0 | CO141: 0 | CP141: 0 | CQ141: 0 | CR141: 0 | CS141: 0 | CT141: 0 | CU141: 0 | CV141: 0 | CW141: 0 | CX141: 0 | CY141: 0 | CZ141: 0 | DA141: 0 | DB141: 0 | DC141: 0 | DD141: 0 | DE141: 0 | DF141: 0 | DG141: 0 | DH141: 0 | DI141: 0 | DJ141: 0 | DK141: 0 | DL141: 0 | DM141: 0 | DN141: 0 | DO141: 0 | DP141: 0 | DQ141: 0 | DR141: 0 | DS141: 0 | DT141: 0 | DU141: 0 | DV141: 0 | DW141: 0 | DX141: 0 | DY141: 0 | DZ141: 0 | EA141: 0 | EB141: 0 | EC141: -1 | ED141: 0 | EE141: 0 | EF141: 0 | EG141: 0 | EH141: 0 | EI141: -2 | EJ141: 0 | EK141: 0 | EL141: 0 | EM141: 0 | EN141: 0 | EO141: 0 | EP141: 0 | EQ141: 0 | ER141: 0 | ES141: 0 | ET141: 0 | EU141: 0 | EV141: 0 | EW141: 0 | EX141: 0 | EY141: 1 | EZ141: 0 | FA141: 0 | FB141: 0 | FC141: 0 | FD141: 0 | FE141: 0 | FF141: 0 | FG141: 0 | FH141: 0 | FI141: 0 | FJ141: 0 | FK141: 0 | FL141: 0 | FM141: 0 | FN141: 0
A142: RIB5P:cyt | B142: 0 | C142: 0 | D142: 0 | E142: 0 | F142: 0 | G142: 0 | H142: 0 | I142: 0 | J142: 0 | K142: 0 | L142: 0 | M142: 0 | N142: 0 | O142: 0 | P142: 0 | Q142: 0 | R142: 0 | S142: 0 | T142: 0 | U142: 0 | V142: 0 | W142: 0 | X142: 0 | Y142: 0 | Z142: 0 | AA142: 0 | AB142: 0 | AC142: 0 | AD142: 0 | AE142: 0 | AF142: 0 | AG142: 0 | AH142: 0 | AI142: 0 | AJ142: 0 | AK142: 0 | AL142: 0 | AM142: 0 | AN142: 0 | AO142: 0 | AP142: 0 | AQ142: 0 | AR142: 0 | AS142: 0 | AT142: 0 | AU142: 0 | AV142: 0 | AW142: 0 | AX142: 0 | AY142: 0 | AZ142: 0 | BA142: 0 | BB142: 0 | BC142: 0 | BD142: 0 | BE142: 0 | BF142: 0 | BG142: 0 | BH142: 0 | BI142: 0 | BJ142: 0 | BK142: 0 | BL142: 0 | BM142: 0 | BN142: 0 | BO142: 0 | BP142: 0 | BQ142: 0 | BR142: 0 | BS142: 0 | BT142: 0 | BU142: 0 | BV142: 0 | BW142: 0 | BX142: 0 | BY142: 0 | BZ142: 0 | CA142: 0 | CB142: 0 | CC142: 0 | CD142: 0 | CE142: 0 | CF142: 0 | CG142: 0 | CH142: 0 | CI142: 0 | CJ142: 0 | CK142: 1 | CL142: 0 | CM142: 0 | CN142: 0 | CO142: 0 | CP142: 0 | CQ142: 0 | CR142: 0 | CS142: 0 | CT142: 0 | CU142: 0 | CV142: 0 | CW142: 0 | CX142: -1 | CY142: 0 | CZ142: 0 | DA142: 0 | DB142: 0 | DC142: 0 | DD142: 0 | DE142: 0 | DF142: 0 | DG142: 0 | DH142: 0 | DI142: 0 | DJ142: 0 | DK142: 0 | DL142: 0 | DM142: 0 | DN142: 0 | DO142: 0 | DP142: 0 | DQ142: 0 | DR142: 0 | DS142: 0 | DT142: 0 | DU142: 0 | DV142: 0 | DW142: 0 | DX142: 0 | DY142: 0 | DZ142: 0 | EA142: 0 | EB142: 0 | EC142: 0 | ED142: 0 | EE142: 0 | EF142: 0 | EG142: 0 | EH142: 0 | EI142: 0 | EJ142: 0 | EK142: 0 | EL142: 0 | EM142: 0 | EN142: 0 | EO142: 0 | EP142: 0 | EQ142: 0 | ER142: 0 | ES142: 0 | ET142: 0 | EU142: 0 | EV142: 0 | EW142: 0 | EX142: 0 | EY142: 0 | EZ142: 0 | FA142: 0 | FB142: 0 | FC142: 0 | FD142: 0 | FE142: 0 | FF142: 0 | FG142: 0 | FH142: 0 | FI142: 0 | FJ142: 0 | FK142: 0 | FL142: 0 | FM142: 0 | FN142: 0
A143: RIBU5P:cyt | B143: 0 | C143: 0 | D143: 0 | E143: 0 | F143: 0 | G143: 0 | H143: 0 | I143: 0 | J143: 0 | K143: 0 | L143: 0 | M143: 0 | N143: 0 | O143: 0 | P143: 0 | Q143: 0 | R143: 0 | S143: 0 | T143: 0 | U143: 0 | V143: 0 | W143: 0 | X143: 0 | Y143: 0 | Z143: 0 | AA143: 0 | AB143: 0 | AC143: 0 | AD143: 0 | AE143: 0 | AF143: 0 | AG143: 0 | AH143: 0 | AI143: 0 | AJ143: 0 | AK143: 0 | AL143: 0 | AM143: 0 | AN143: 0 | AO143: 0 | AP143: 0 | AQ143: 0 | AR143: 0 | AS143: 1 | AT143: 0 | AU143: 0 | AV143: 0 | AW143: 0 | AX143: 0 | AY143: 0 | AZ143: 0 | BA143: 0 | BB143: 0 | BC143: 0 | BD143: 0 | BE143: 0 | BF143: 0 | BG143: 0 | BH143: 0 | BI143: 0 | BJ143: 0 | BK143: 0 | BL143: 0 | BM143: 0 | BN143: 0 | BO143: 0 | BP143: 0 | BQ143: 0 | BR143: 0 | BS143: 0 | BT143: 0 | BU143: 0 | BV143: 0 | BW143: 0 | BX143: 0 | BY143: 0 | BZ143: 0 | CA143: 0 | CB143: 0 | CC143: 0 | CD143: 0 | CE143: 0 | CF143: 0 | CG143: 0 | CH143: 0 | CI143: -1 | CJ143: 0 | CK143: -1 | CL143: -1 | CM143: 0 | CN143: 0 | CO143: 0 | CP143: 0 | CQ143: 0 | CR143: 0 | CS143: 0 | CT143: 0 | CU143: 0 | CV143: 0 | CW143: 0 | CX143: 0 | CY143: 0 | CZ143: 0 | DA143: 0 | DB143: 0 | DC143: 0 | DD143: 0 | DE143: 0 | DF143: 0 | DG143: 0 | DH143: 0 | DI143: 0 | DJ143: 0 | DK143: 0 | DL143: 0 | DM143: 0 | DN143: 0 | DO143: 0 | DP143: 0 | DQ143: 0 | DR143: 0 | DS143: 0 | DT143: 0 | DU143: 0 | DV143: 0 | DW143: 0 | DX143: 0 | DY143: 0 | DZ143: 0 | EA143: 0 | EB143: 0 | EC143: 0 | ED143: 0 | EE143: 0 | EF143: 0 | EG143: 0 | EH143: 0 | EI143: 0 | EJ143: 0 | EK143: 0 | EL143: 0 | EM143: 0 | EN143: 0 | EO143: 0 | EP143: 0 | EQ143: 0 | ER143: 0 | ES143: 0 | ET143: 0 | EU143: 0 | EV143: 0 | EW143: 0 | EX143: 0 | EY143: 0 | EZ143: 0 | FA143: 0 | FB143: 0 | FC143: 0 | FD143: 0 | FE143: 0 | FF143: 0 | FG143: 0 | FH143: 0 | FI143: 0 | FJ143: 0 | FK143: 0 | FL143: 0 | FM143: 0 | FN143: 0
A144: RNA:cyt | B144: 0 | C144: =-Cmol!AJ10 -> -0.07428474 | D144: =-Cmol!AK10 -> -0.067009309 | E144: =-Cmol!AL10 -> -0.048101129 | F144: 0 | G144: 0 | H144: 0 | I144: 0 | J144: 0 | K144: 0 | L144: 0 | M144: 0 | N144: 0 | O144: 0 | P144: 0 | Q144: 0 | R144: 0 | S144: 0 | T144: 0 | U144: 0 | V144: 0 | W144: 0 | X144: 0 | Y144: 0 | Z144: 0 | AA144: 0 | AB144: 0 | AC144: 0 | AD144: 0 | AE144: 0 | AF144: 0 | AG144: 0 | AH144: 0 | AI144: 0 | AJ144: 0 | AK144: 0 | AL144: 0 | AM144: 0 | AN144: 0 | AO144: 0 | AP144: 0 | AQ144: 0 | AR144: 0 | AS144: 0 | AT144: 0 | AU144: 0 | AV144: 0 | AW144: 0 | AX144: 0 | AY144: 0 | AZ144: 0 | BA144: 0 | BB144: 0 | BC144: 0 | BD144: 0 | BE144: 0 | BF144: 0 | BG144: 0 | BH144: 0 | BI144: 0 | BJ144: 0 | BK144: 0 | BL144: 0 | BM144: 0 | BN144: 0 | BO144: 0 | BP144: 0 | BQ144: 0 | BR144: 0 | BS144: 0 | BT144: 0 | BU144: 0 | BV144: 0 | BW144: 0 | BX144: 0 | BY144: 0 | BZ144: 0 | CA144: 0 | CB144: 0 | CC144: 0 | CD144: 0 | CE144: 0 | CF144: 0 | CG144: 0 | CH144: 0 | CI144: 0 | CJ144: 0 | CK144: 0 | CL144: 0 | CM144: 9.5 | CN144: 0 | CO144: 0 | CP144: 0 | CQ144: 0 | CR144: 0 | CS144: 0 | CT144: 0 | CU144: 0 | CV144: 0 | CW144: 0 | CX144: 0 | CY144: 0 | CZ144: 0 | DA144: 0 | DB144: 0 | DC144: 0 | DD144: 0 | DE144: 0 | DF144: 0 | DG144: 0 | DH144: 0 | DI144: 0 | DJ144: 0 | DK144: 0 | DL144: 0 | DM144: 0 | DN144: 0 | DO144: 0 | DP144: 0 | DQ144: 0 | DR144: 0 | DS144: 0 | DT144: 0 | DU144: 0 | DV144: 0 | DW144: 0 | DX144: 0 | DY144: 0 | DZ144: 0 | EA144: 0 | EB144: 0 | EC144: 0 | ED144: 0 | EE144: 0 | EF144: 0 | EG144: 0 | EH144: 0 | EI144: 0 | EJ144: 0 | EK144: 0 | EL144: 0 | EM144: 0 | EN144: 0 | EO144: 0 | EP144: 0 | EQ144: 0 | ER144: 0 | ES144: 0 | ET144: 0 | EU144: 0 | EV144: 0 | EW144: 0 | EX144: 0 | EY144: 0 | EZ144: 0 | FA144: 0 | FB144: 0 | FC144: 0 | FD144: 0 | FE144: 0 | FF144: 0 | FG144: 0 | FH144: 0 | FI144: 0 | FJ144: 0 | FK144: 0 | FL144: 0 | FM144: 0 | FN144: 0
A145: SAH:cyt | B145: 0 | C145: 0 | D145: 0 | E145: 0 | F145: 0 | G145: 0 | H145: 0 | I145: 0 | J145: 0 | K145: 0 | L145: 0 | M145: 0 | N145: 0 | O145: 0 | P145: 0 | Q145: 0 | R145: 0 | S145: 0 | T145: 0 | U145: 0 | V145: 0 | W145: 0 | X145: 0 | Y145: 0 | Z145: 0 | AA145: 0 | AB145: 0 | AC145: 0 | AD145: 0 | AE145: 0 | AF145: 0 | AG145: 0 | AH145: 0 | AI145: 0 | AJ145: 0 | AK145: 0 | AL145: 0 | AM145: 0 | AN145: 0 | AO145: 0 | AP145: 0 | AQ145: 0 | AR145: 0 | AS145: 0 | AT145: 0 | AU145: 0 | AV145: 0 | AW145: 0 | AX145: 0 | AY145: 0 | AZ145: 0 | BA145: 0 | BB145: 0 | BC145: 0 | BD145: 0 | BE145: 0 | BF145: 0 | BG145: 0 | BH145: 0 | BI145: 0 | BJ145: 0 | BK145: 0 | BL145: 0 | BM145: 0 | BN145: 0 | BO145: 0 | BP145: 0 | BQ145: 0 | BR145: 0 | BS145: 0 | BT145: 0 | BU145: 0 | BV145: 0 | BW145: 0 | BX145: 0 | BY145: 3 | BZ145: 0 | CA145: 0 | CB145: 0 | CC145: 0 | CD145: 0 | CE145: 0 | CF145: 0 | CG145: 0 | CH145: 0 | CI145: 0 | CJ145: 0 | CK145: 0 | CL145: 0 | CM145: 0 | CN145: -1 | CO145: 0 | CP145: 0 | CQ145: 0 | CR145: 0 | CS145: 0 | CT145: 0 | CU145: 0 | CV145: 0 | CW145: 0 | CX145: 0 | CY145: 0 | CZ145: 0 | DA145: 0 | DB145: 0 | DC145: 0 | DD145: 0 | DE145: 0 | DF145: 0 | DG145: 0 | DH145: 0 | DI145: 0 | DJ145: 0 | DK145: 0 | DL145: 0 | DM145: 0 | DN145: 0 | DO145: 0 | DP145: 0 | DQ145: 0 | DR145: 0 | DS145: 0 | DT145: 0 | DU145: 0 | DV145: 0 | DW145: 0 | DX145: 0 | DY145: 0 | DZ145: 0 | EA145: 0 | EB145: 0 | EC145: 0 | ED145: 0 | EE145: 0 | EF145: 0 | EG145: 0 | EH145: 0 | EI145: 0 | EJ145: 0 | EK145: 0 | EL145: 0 | EM145: 0 | EN145: 0 | EO145: 0 | EP145: 0 | EQ145: 0 | ER145: 0 | ES145: 0 | ET145: 0 | EU145: 0 | EV145: 0 | EW145: 0 | EX145: 0 | EY145: 0 | EZ145: 0 | FA145: 0 | FB145: 0 | FC145: 0 | FD145: 0 | FE145: 0 | FF145: 0 | FG145: 0 | FH145: 0 | FI145: 0 | FJ145: 0 | FK145: 0 | FL145: 0 | FM145: 0 | FN145: 0
A146: SAM:cyt | B146: 0 | C146: 0 | D146: 0 | E146: 0 | F146: 0 | G146: 0 | H146: 0 | I146: 0 | J146: 0 | K146: 0 | L146: 0 | M146: 0 | N146: 0 | O146: 0 | P146: 0 | Q146: 0 | R146: 0 | S146: 0 | T146: 0 | U146: 0 | V146: 0 | W146: 0 | X146: 0 | Y146: 0 | Z146: 0 | AA146: 0 | AB146: 0 | AC146: 0 | AD146: 0 | AE146: 0 | AF146: 0 | AG146: 0 | AH146: 0 | AI146: 0 | AJ146: 0 | AK146: 0 | AL146: 0 | AM146: 0 | AN146: 0 | AO146: 0 | AP146: 0 | AQ146: 0 | AR146: 0 | AS146: 0 | AT146: 0 | AU146: 0 | AV146: 0 | AW146: 0 | AX146: 0 | AY146: 0 | AZ146: 0 | BA146: 0 | BB146: 0 | BC146: 0 | BD146: 0 | BE146: 0 | BF146: 0 | BG146: 0 | BH146: 0 | BI146: 0 | BJ146: 0 | BK146: 0 | BL146: 0 | BM146: 0 | BN146: 0 | BO146: 0 | BP146: 0 | BQ146: 1 | BR146: 0 | BS146: 0 | BT146: 0 | BU146: 0 | BV146: 0 | BW146: 0 | BX146: 0 | BY146: -3 | BZ146: 0 | CA146: 0 | CB146: 0 | CC146: 0 | CD146: 0 | CE146: 0 | CF146: 0 | CG146: 0 | CH146: 0 | CI146: 0 | CJ146: 0 | CK146: 0 | CL146: 0 | CM146: 0 | CN146: 0 | CO146: 0 | CP146: 0 | CQ146: 0 | CR146: 0 | CS146: 0 | CT146: 0 | CU146: 0 | CV146: 0 | CW146: 0 | CX146: 0 | CY146: 0 | CZ146: 0 | DA146: 0 | DB146: 0 | DC146: 0 | DD146: 0 | DE146: 0 | DF146: 0 | DG146: 0 | DH146: 0 | DI146: 0 | DJ146: 0 | DK146: 0 | DL146: 0 | DM146: 0 | DN146: 0 | DO146: 0 | DP146: 0 | DQ146: 0 | DR146: 0 | DS146: 0 | DT146: 0 | DU146: 0 | DV146: 0 | DW146: 0 | DX146: 0 | DY146: 0 | DZ146: 0 | EA146: 0 | EB146: 0 | EC146: 0 | ED146: 0 | EE146: 0 | EF146: 0 | EG146: 0 | EH146: 0 | EI146: 0 | EJ146: 0 | EK146: 0 | EL146: 0 | EM146: 0 | EN146: 0 | EO146: 0 | EP146: 0 | EQ146: 0 | ER146: 0 | ES146: 0 | ET146: 0 | EU146: 0 | EV146: 0 | EW146: 0 | EX146: 0 | EY146: 0 | EZ146: 0 | FA146: 0 | FB146: 0 | FC146: 0 | FD146: 0 | FE146: 0 | FF146: 0 | FG146: 0 | FH146: 0 | FI146: 0 | FJ146: 0 | FK146: 0 | FL146: 0 | FM146: 0 | FN146: 0
A147: SED7P:cyt | B147: 0 | C147: 0 | D147: 0 | E147: 0 | F147: 0 | G147: 0 | H147: 0 | I147: 0 | J147: 0 | K147: 0 | L147: 0 | M147: 0 | N147: 0 | O147: 0 | P147: 0 | Q147: 0 | R147: 0 | S147: 0 | T147: 0 | U147: 0 | V147: 0 | W147: 0 | X147: 0 | Y147: 0 | Z147: 0 | AA147: 0 | AB147: 0 | AC147: 0 | AD147: 0 | AE147: 0 | AF147: 0 | AG147: 0 | AH147: 0 | AI147: 0 | AJ147: 0 | AK147: 0 | AL147: 0 | AM147: 0 | AN147: 0 | AO147: 0 | AP147: 0 | AQ147: 0 | AR147: 0 | AS147: 0 | AT147: 0 | AU147: 0 | AV147: 0 | AW147: 0 | AX147: 0 | AY147: 0 | AZ147: 0 | BA147: 0 | BB147: 0 | BC147: 0 | BD147: 0 | BE147: 0 | BF147: 0 | BG147: 0 | BH147: 0 | BI147: 0 | BJ147: 0 | BK147: 0 | BL147: 0 | BM147: 0 | BN147: 0 | BO147: 0 | BP147: 0 | BQ147: 0 | BR147: 0 | BS147: 0 | BT147: 0 | BU147: 0 | BV147: 0 | BW147: 0 | BX147: 0 | BY147: 0 | BZ147: 0 | CA147: 0 | CB147: 0 | CC147: 0 | CD147: 0 | CE147: 0 | CF147: 0 | CG147: 0 | CH147: 0 | CI147: 0 | CJ147: 0 | CK147: 0 | CL147: 0 | CM147: 0 | CN147: 0 | CO147: 0 | CP147: 0 | CQ147: 0 | CR147: 0 | CS147: 0 | CT147: 0 | CU147: -1 | CV147: 0 | CW147: 0 | CX147: 1 | CY147: 0 | CZ147: 0 | DA147: 0 | DB147: 0 | DC147: 0 | DD147: 0 | DE147: 0 | DF147: 0 | DG147: 0 | DH147: 0 | DI147: 0 | DJ147: 0 | DK147: 0 | DL147: 0 | DM147: 0 | DN147: 0 | DO147: 0 | DP147: 0 | DQ147: 0 | DR147: 0 | DS147: 0 | DT147: 0 | DU147: 0 | DV147: 0 | DW147: 0 | DX147: 0 | DY147: 0 | DZ147: 0 | EA147: 0 | EB147: 0 | EC147: 0 | ED147: 0 | EE147: 0 | EF147: 0 | EG147: 0 | EH147: 0 | EI147: 0 | EJ147: 0 | EK147: 0 | EL147: 0 | EM147: 0 | EN147: 0 | EO147: 0 | EP147: 0 | EQ147: 0 | ER147: 0 | ES147: 0 | ET147: 0 | EU147: 0 | EV147: 0 | EW147: 0 | EX147: 0 | EY147: 0 | EZ147: 0 | FA147: 0 | FB147: 0 | FC147: 0 | FD147: 0 | FE147: 0 | FF147: 0 | FG147: 0 | FH147: 0 | FI147: 0 | FJ147: 0 | FK147: 0 | FL147: 0 | FM147: 0 | FN147: 0
A148: SER:cyt | B148: 0 | C148: 0 | D148: 0 | E148: 0 | F148: 0 | G148: 0 | H148: 0 | I148: 0 | J148: 0 | K148: 0 | L148: 0 | M148: 0 | N148: 0 | O148: 0 | P148: 0 | Q148: 0 | R148: 0 | S148: 0 | T148: 0 | U148: 0 | V148: 0 | W148: -0.5328 | X148: 0 | Y148: 0 | Z148: 0 | AA148: 0 | AB148: 0 | AC148: 0 | AD148: 0 | AE148: 0 | AF148: 0 | AG148: -1 | AH148: 0 | AI148: 0 | AJ148: 0 | AK148: 0 | AL148: 0 | AM148: 0 | AN148: 0 | AO148: 0 | AP148: 0 | AQ148: 0 | AR148: 0 | AS148: 0 | AT148: 0 | AU148: 0 | AV148: 0 | AW148: 0 | AX148: 0 | AY148: -1 | AZ148: 0 | BA148: 0 | BB148: 0 | BC148: 0 | BD148: 0 | BE148: 0 | BF148: 0 | BG148: 0 | BH148: 0 | BI148: 0 | BJ148: 0 | BK148: 0 | BL148: 0 | BM148: 0 | BN148: 0 | BO148: 0 | BP148: 0 | BQ148: 0 | BR148: 0 | BS148: 0 | BT148: 0 | BU148: 0 | BV148: 0 | BW148: 0 | BX148: 0 | BY148: 0 | BZ148: 0 | CA148: -1 | CB148: 0 | CC148: 0 | CD148: 0 | CE148: 0 | CF148: 0 | CG148: 0 | CH148: 0 | CI148: 0 | CJ148: 0 | CK148: 0 | CL148: 0 | CM148: 0 | CN148: 0 | CO148: 1 | CP148: 0 | CQ148: 0 | CR148: 0 | CS148: 0 | CT148: 0 | CU148: 0 | CV148: 0 | CW148: 0 | CX148: 0 | CY148: 0 | CZ148: 0 | DA148: 0 | DB148: 0 | DC148: -1 | DD148: 0 | DE148: 0 | DF148: 0 | DG148: 0 | DH148: 0 | DI148: 0 | DJ148: 0 | DK148: 0 | DL148: 0 | DM148: 0 | DN148: 0 | DO148: 0 | DP148: 0 | DQ148: 0 | DR148: 0 | DS148: 0 | DT148: 0 | DU148: 0 | DV148: 0 | DW148: 0 | DX148: 0 | DY148: 0 | DZ148: 0 | EA148: 0 | EB148: 0 | EC148: 0 | ED148: 0 | EE148: 0 | EF148: 0 | EG148: 0 | EH148: 0 | EI148: 0 | EJ148: 0 | EK148: 0 | EL148: 0 | EM148: 0 | EN148: 0 | EO148: 0 | EP148: 0 | EQ148: 0 | ER148: 0 | ES148: 0 | ET148: 0 | EU148: 0 | EV148: 0 | EW148: 0 | EX148: 0 | EY148: 0 | EZ148: 0 | FA148: 0 | FB148: 0 | FC148: 0 | FD148: 0 | FE148: 0 | FF148: 0 | FG148: 0 | FH148: 0 | FI148: 0 | FJ148: 0 | FK148: 0 | FL148: 0 | FM148: 0 | FN148: 0
A149: SO4:cyt | B149: 0 | C149: 0 | D149: 0 | E149: 0 | F149: 0 | G149: 0 | H149: 0 | I149: 0 | J149: 0 | K149: 0 | L149: 0 | M149: 0 | N149: 0 | O149: 0 | P149: 0 | Q149: 0 | R149: 0 | S149: 0 | T149: 0 | U149: 0 | V149: 0 | W149: 0 | X149: 0 | Y149: 0 | Z149: 0 | AA149: 0 | AB149: 0 | AC149: 0 | AD149: 0 | AE149: 0 | AF149: 0 | AG149: 0 | AH149: 0 | AI149: 0 | AJ149: 0 | AK149: 0 | AL149: 0 | AM149: 0 | AN149: 0 | AO149: 0 | AP149: 0 | AQ149: 0 | AR149: 0 | AS149: 0 | AT149: 0 | AU149: 0 | AV149: 0 | AW149: 0 | AX149: 0 | AY149: 0 | AZ149: 0 | BA149: 0 | BB149: 0 | BC149: 0 | BD149: 0 | BE149: 0 | BF149: 0 | BG149: 0 | BH149: 0 | BI149: 0 | BJ149: 0 | BK149: 0 | BL149: 0 | BM149: 0 | BN149: 0 | BO149: 0 | BP149: 0 | BQ149: 0 | BR149: 0 | BS149: 0 | BT149: 0 | BU149: 0 | BV149: 0 | BW149: 0 | BX149: 0 | BY149: 0 | BZ149: 0 | CA149: 0 | CB149: 0 | CC149: 0 | CD149: 0 | CE149: 0 | CF149: 0 | CG149: 0 | CH149: 0 | CI149: 0 | CJ149: 0 | CK149: 0 | CL149: 0 | CM149: 0 | CN149: 0 | CO149: 0 | CP149: 0 | CQ149: -1 | CR149: 0 | CS149: 0 | CT149: 0 | CU149: 0 | CV149: 0 | CW149: 0 | CX149: 0 | CY149: 0 | CZ149: 0 | DA149: 0 | DB149: 0 | DC149: 0 | DD149: 0 | DE149: 0 | DF149: 0 | DG149: 0 | DH149: 0 | DI149: 0 | DJ149: 0 | DK149: 0 | DL149: 0 | DM149: 0 | DN149: 0 | DO149: 0 | DP149: 0 | DQ149: 1 | DR149: 0 | DS149: 0 | DT149: 0 | DU149: 0 | DV149: 0 | DW149: 0 | DX149: 0 | DY149: 0 | DZ149: 0 | EA149: 0 | EB149: 0 | EC149: 0 | ED149: 0 | EE149: 0 | EF149: 0 | EG149: 0 | EH149: 0 | EI149: 0 | EJ149: 0 | EK149: 0 | EL149: 0 | EM149: 0 | EN149: 0 | EO149: 0 | EP149: 0 | EQ149: 0 | ER149: 0 | ES149: 0 | ET149: 0 | EU149: 0 | EV149: 0 | EW149: 0 | EX149: 0 | EY149: 0 | EZ149: 0 | FA149: 0 | FB149: 0 | FC149: 0 | FD149: 0 | FE149: 0 | FF149: 0 | FG149: 0 | FH149: 0 | FI149: 0 | FJ149: 0 | FK149: 0 | FL149: 0 | FM149: 0 | FN149: 0
A150: SO4:ext | B150: 0 | C150: 0 | D150: 0 | E150: 0 | F150: 0 | G150: 0 | H150: 0 | I150: 0 | J150: 0 | K150: 0 | L150: 0 | M150: 0 | N150: 0 | O150: 0 | P150: 0 | Q150: 0 | R150: 0 | S150: 0 | T150: 0 | U150: 0 | V150: 0 | W150: 0 | X150: 0 | Y150: 0 | Z150: 0 | AA150: 0 | AB150: 0 | AC150: 0 | AD150: 0 | AE150: 0 | AF150: 0 | AG150: 0 | AH150: 0 | AI150: 0 | AJ150: 0 | AK150: 0 | AL150: 0 | AM150: 0 | AN150: 0 | AO150: 0 | AP150: 0 | AQ150: 0 | AR150: 0 | AS150: 0 | AT150: 0 | AU150: 0 | AV150: 0 | AW150: 0 | AX150: 0 | AY150: 0 | AZ150: 0 | BA150: 0 | BB150: 0 | BC150: 0 | BD150: 0 | BE150: 0 | BF150: 0 | BG150: 0 | BH150: 0 | BI150: 0 | BJ150: 0 | BK150: 0 | BL150: 0 | BM150: 0 | BN150: 0 | BO150: 0 | BP150: 0 | BQ150: 0 | BR150: 0 | BS150: 0 | BT150: 0 | BU150: 0 | BV150: 0 | BW150: 0 | BX150: 0 | BY150: 0 | BZ150: 0 | CA150: 0 | CB150: 0 | CC150: 0 | CD150: 0 | CE150: 0 | CF150: 0 | CG150: 0 | CH150: 0 | CI150: 0 | CJ150: 0 | CK150: 0 | CL150: 0 | CM150: 0 | CN150: 0 | CO150: 0 | CP150: 0 | CQ150: 0 | CR150: 0 | CS150: 0 | CT150: 0 | CU150: 0 | CV150: 0 | CW150: 0 | CX150: 0 | CY150: 0 | CZ150: 0 | DA150: 0 | DB150: 0 | DC150: 0 | DD150: 0 | DE150: 0 | DF150: 0 | DG150: 0 | DH150: 0 | DI150: 0 | DJ150: 0 | DK150: 0 | DL150: 0 | DM150: 0 | DN150: 0 | DO150: 0 | DP150: 0 | DQ150: -1 | DR150: 0 | DS150: 0 | DT150: 0 | DU150: 0 | DV150: 0 | DW150: 0 | DX150: 0 | DY150: 0 | DZ150: 0 | EA150: 0 | EB150: 0 | EC150: 0 | ED150: 0 | EE150: 0 | EF150: 0 | EG150: 0 | EH150: 0 | EI150: 0 | EJ150: 0 | EK150: 0 | EL150: 0 | EM150: 0 | EN150: 0 | EO150: 0 | EP150: 0 | EQ150: 0 | ER150: 0 | ES150: 0 | ET150: 0 | EU150: 0 | EV150: 0 | EW150: 0 | EX150: 0 | EY150: 0 | EZ150: 0 | FA150: 0 | FB150: 0 | FC150: 0 | FD150: 0 | FE150: 0 | FF150: 0 | FG150: -1 | FH150: 0 | FI150: 0 | FJ150: 0 | FK150: 0 | FL150: 0 | FM150: 0 | FN150: 0
A151: STE:cyt | B151: 0 | C151: 0 | D151: 0 | E151: 0 | F151: 0 | G151: 0 | H151: 0 | I151: 0 | J151: 0 | K151: 0 | L151: 0 | M151: 0 | N151: 0 | O151: 0 | P151: 0 | Q151: 0 | R151: 0 | S151: 0 | T151: 0 | U151: 0 | V151: 0 | W151: 0 | X151: 0 | Y151: 0 | Z151: 0 | AA151: 0 | AB151: 0 | AC151: 0 | AD151: 0 | AE151: 0 | AF151: 0 | AG151: 0 | AH151: 0 | AI151: 0 | AJ151: 0 | AK151: 0 | AL151: 0 | AM151: 0 | AN151: 0 | AO151: 0 | AP151: 0 | AQ151: 0 | AR151: 0 | AS151: 0 | AT151: 0 | AU151: 0 | AV151: 0 | AW151: 0 | AX151: 0 | AY151: 0 | AZ151: 0 | BA151: 0 | BB151: 0 | BC151: 0 | BD151: 0 | BE151: 0 | BF151: 0 | BG151: 0 | BH151: 0 | BI151: 0 | BJ151: 0 | BK151: 0 | BL151: 0 | BM151: 0 | BN151: 0 | BO151: 0 | BP151: 0 | BQ151: 0 | BR151: 0 | BS151: 0 | BT151: 0 | BU151: 0 | BV151: 0 | BW151: 0 | BX151: 0 | BY151: 0 | BZ151: 0 | CA151: 0 | CB151: 0 | CC151: 0 | CD151: 0 | CE151: 0 | CF151: 0 | CG151: 0 | CH151: 0 | CI151: 0 | CJ151: 0 | CK151: 0 | CL151: 0 | CM151: 0 | CN151: 0 | CO151: 0 | CP151: 0 | CQ151: 0 | CR151: 0 | CS151: -1 | CT151: 1 | CU151: 0 | CV151: 0 | CW151: 0 | CX151: 0 | CY151: 0 | CZ151: 0 | DA151: 0 | DB151: 0 | DC151: 0 | DD151: 0 | DE151: 0 | DF151: 0 | DG151: 0 | DH151: 0 | DI151: 0 | DJ151: 0 | DK151: 0 | DL151: 0 | DM151: 0 | DN151: 0 | DO151: 0 | DP151: 0 | DQ151: 0 | DR151: 0 | DS151: 0 | DT151: 0 | DU151: 0 | DV151: 0 | DW151: 0 | DX151: 0 | DY151: 0 | DZ151: 0 | EA151: 0 | EB151: 0 | EC151: 0 | ED151: 0 | EE151: 0 | EF151: 0 | EG151: 0 | EH151: 0 | EI151: 0 | EJ151: 0 | EK151: 0 | EL151: 0 | EM151: 0 | EN151: 0 | EO151: 0 | EP151: 0 | EQ151: 0 | ER151: 0 | ES151: 0 | ET151: 0 | EU151: 0 | EV151: 0 | EW151: 0 | EX151: 0 | EY151: 0 | EZ151: 0 | FA151: 0 | FB151: 0 | FC151: 0 | FD151: 0 | FE151: 0 | FF151: 0 | FG151: 0 | FH151: 0 | FI151: 0 | FJ151: 0 | FK151: 0 | FL151: 0 | FM151: 0 | FN151: 0
A152: STE-CoA:cyt | B152: 0 | C152: 0 | D152: 0 | E152: 0 | F152: 0 | G152: 0 | H152: 0 | I152: 0 | J152: 0 | K152: 0 | L152: 0 | M152: 0 | N152: 0 | O152: 0 | P152: 0 | Q152: 0 | R152: 0 | S152: 0 | T152: 0 | U152: 0 | V152: 0 | W152: 0 | X152: -1 | Y152: 0 | Z152: 0 | AA152: 0 | AB152: 0 | AC152: 0 | AD152: 0 | AE152: 0 | AF152: 0 | AG152: 0 | AH152: 0 | AI152: 0 | AJ152: 0 | AK152: 0 | AL152: 0 | AM152: 0 | AN152: 0 | AO152: 0 | AP152: 0 | AQ152: 0 | AR152: 0 | AS152: 0 | AT152: 0 | AU152: 0 | AV152: 0 | AW152: 0 | AX152: 0 | AY152: 0 | AZ152: 0 | BA152: 0 | BB152: 0 | BC152: 0 | BD152: 0 | BE152: 0 | BF152: 0 | BG152: 0 | BH152: 0 | BI152: 0 | BJ152: 0 | BK152: 0 | BL152: 0 | BM152: 0 | BN152: 0 | BO152: 0 | BP152: 0 | BQ152: 0 | BR152: 0 | BS152: 0 | BT152: 0 | BU152: 0 | BV152: 0 | BW152: 0 | BX152: 0 | BY152: 0 | BZ152: 0 | CA152: 0 | CB152: 0 | CC152: 0 | CD152: 0 | CE152: 0 | CF152: 0 | CG152: 0 | CH152: 0 | CI152: 0 | CJ152: 0 | CK152: 0 | CL152: 0 | CM152: 0 | CN152: 0 | CO152: 0 | CP152: 0 | CQ152: 0 | CR152: -1 | CS152: 1 | CT152: 0 | CU152: 0 | CV152: 0 | CW152: 0 | CX152: 0 | CY152: 0 | CZ152: 0 | DA152: 0 | DB152: 0 | DC152: 0 | DD152: 0 | DE152: 0 | DF152: 0 | DG152: 0 | DH152: 0 | DI152: 0 | DJ152: 0 | DK152: 0 | DL152: 0 | DM152: 0 | DN152: 0 | DO152: 0 | DP152: 0 | DQ152: 0 | DR152: 0 | DS152: 0 | DT152: 0 | DU152: 0 | DV152: 0 | DW152: 0 | DX152: 0 | DY152: 0 | DZ152: 0 | EA152: 0 | EB152: 0 | EC152: 0 | ED152: 0 | EE152: 0 | EF152: 0 | EG152: 0 | EH152: 0 | EI152: 0 | EJ152: 0 | EK152: 0 | EL152: 0 | EM152: 0 | EN152: 0 | EO152: 0 | EP152: 0 | EQ152: 0 | ER152: 0 | ES152: 0 | ET152: 0 | EU152: 0 | EV152: 0 | EW152: 0 | EX152: 0 | EY152: 0 | EZ152: 0 | FA152: 0 | FB152: 0 | FC152: 0 | FD152: 0 | FE152: 0 | FF152: 0 | FG152: 0 | FH152: 0 | FI152: 0 | FJ152: 0 | FK152: 0 | FL152: 0 | FM152: 0 | FN152: 0
A153: SUC:cyt | B153: 0 | C153: 0 | D153: 0 | E153: 0 | F153: 0 | G153: 0 | H153: 0 | I153: 0 | J153: 0 | K153: 0 | L153: 0 | M153: 0 | N153: 0 | O153: 0 | P153: 0 | Q153: 0 | R153: 0 | S153: 0 | T153: 0 | U153: 0 | V153: 0 | W153: 0 | X153: 0 | Y153: 0 | Z153: 0 | AA153: 0 | AB153: 0 | AC153: 0 | AD153: 0 | AE153: 0 | AF153: 0 | AG153: 0 | AH153: 0 | AI153: 0 | AJ153: 0 | AK153: 0 | AL153: 0 | AM153: 0 | AN153: 0 | AO153: 0 | AP153: 0 | AQ153: 0 | AR153: 0 | AS153: 0 | AT153: 0 | AU153: 0 | AV153: 0 | AW153: 0 | AX153: 0 | AY153: 0 | AZ153: 0 | BA153: 0 | BB153: 0 | BC153: 0 | BD153: 0 | BE153: 0 | BF153: 0 | BG153: 0 | BH153: 0 | BI153: 1 | BJ153: 0 | BK153: 0 | BL153: 0 | BM153: 0 | BN153: 0 | BO153: 0 | BP153: 0 | BQ153: 0 | BR153: 0 | BS153: 0 | BT153: 0 | BU153: 0 | BV153: 0 | BW153: 0 | BX153: 0 | BY153: 0 | BZ153: 0 | CA153: 0 | CB153: 0 | CC153: 0 | CD153: 0 | CE153: 0 | CF153: 0 | CG153: 0 | CH153: 0 | CI153: 0 | CJ153: 0 | CK153: 0 | CL153: 0 | CM153: 0 | CN153: 0 | CO153: 0 | CP153: 0 | CQ153: 0 | CR153: 0 | CS153: 0 | CT153: 0 | CU153: 0 | CV153: 0 | CW153: 0 | CX153: 0 | CY153: 0 | CZ153: 0 | DA153: 0 | DB153: 0 | DC153: 0 | DD153: 0 | DE153: 0 | DF153: 0 | DG153: 0 | DH153: 0 | DI153: 0 | DJ153: 0 | DK153: 0 | DL153: 0 | DM153: 0 | DN153: 0 | DO153: 0 | DP153: 0 | DQ153: 0 | DR153: 0 | DS153: 0 | DT153: 0 | DU153: 0 | DV153: 0 | DW153: 0 | DX153: 0 | DY153: 0 | DZ153: 0 | EA153: 0 | EB153: 0 | EC153: 0 | ED153: 0 | EE153: 0 | EF153: 0 | EG153: 0 | EH153: 0 | EI153: 0 | EJ153: 0 | EK153: 0 | EL153: 0 | EM153: 0 | EN153: 0 | EO153: 0 | EP153: 0 | EQ153: 0 | ER153: 0 | ES153: 0 | ET153: 0 | EU153: 0 | EV153: 0 | EW153: 0 | EX153: 0 | EY153: 0 | EZ153: -1 | FA153: 0 | FB153: 0 | FC153: 0 | FD153: 0 | FE153: 0 | FF153: 0 | FG153: 0 | FH153: 0 | FI153: 0 | FJ153: 0 | FK153: 0 | FL153: 0 | FM153: 0 | FN153: 0
A154: SUC:mit | B154: 0 | C154: 0 | D154: 0 | E154: 0 | F154: 0 | G154: 0 | H154: 0 | I154: 0 | J154: 0 | K154: 0 | L154: 0 | M154: 0 | N154: 0 | O154: 0 | P154: 0 | Q154: 0 | R154: 0 | S154: 0 | T154: 0 | U154: 0 | V154: 0 | W154: 0 | X154: 0 | Y154: 0 | Z154: 0 | AA154: 0 | AB154: 0 | AC154: 0 | AD154: 0 | AE154: 0 | AF154: 0 | AG154: 0 | AH154: 0 | AI154: 0 | AJ154: 0 | AK154: 0 | AL154: 0 | AM154: 0 | AN154: 0 | AO154: 0 | AP154: 0 | AQ154: 0 | AR154: 0 | AS154: 0 | AT154: 0 | AU154: 0 | AV154: 0 | AW154: 0 | AX154: 0 | AY154: 0 | AZ154: 0 | BA154: 0 | BB154: 0 | BC154: 0 | BD154: 0 | BE154: 0 | BF154: 0 | BG154: 0 | BH154: 0 | BI154: 0 | BJ154: 0 | BK154: 0 | BL154: 0 | BM154: 0 | BN154: 0 | BO154: 0 | BP154: 0 | BQ154: 0 | BR154: 0 | BS154: 0 | BT154: 0 | BU154: 0 | BV154: 0 | BW154: 0 | BX154: 0 | BY154: 0 | BZ154: 0 | CA154: 0 | CB154: 0 | CC154: 0 | CD154: 0 | CE154: 0 | CF154: 0 | CG154: 0 | CH154: 0 | CI154: 0 | CJ154: 0 | CK154: 0 | CL154: 0 | CM154: 0 | CN154: 0 | CO154: 0 | CP154: 0 | CQ154: 0 | CR154: 0 | CS154: 0 | CT154: 0 | CU154: 0 | CV154: 0 | CW154: 0 | CX154: 0 | CY154: 0 | CZ154: 0 | DA154: 0 | DB154: 0 | DC154: 0 | DD154: 0 | DE154: 0 | DF154: 0 | DG154: 0 | DH154: 0 | DI154: 0 | DJ154: 0 | DK154: 0 | DL154: 0 | DM154: 0 | DN154: 0 | DO154: 0 | DP154: 0 | DQ154: 0 | DR154: 0 | DS154: 0 | DT154: 0 | DU154: 0 | DV154: 0 | DW154: 0 | DX154: 0 | DY154: 0 | DZ154: 0 | EA154: 0 | EB154: 0 | EC154: 0 | ED154: 0 | EE154: 0 | EF154: 0 | EG154: 0 | EH154: 0 | EI154: 0 | EJ154: 0 | EK154: 0 | EL154: -1 | EM154: 1 | EN154: 0 | EO154: 0 | EP154: 0 | EQ154: 0 | ER154: 0 | ES154: 0 | ET154: 0 | EU154: 0 | EV154: 0 | EW154: 0 | EX154: 0 | EY154: 0 | EZ154: 1 | FA154: 0 | FB154: 0 | FC154: 0 | FD154: 0 | FE154: 0 | FF154: 0 | FG154: 0 | FH154: 0 | FI154: 0 | FJ154: 0 | FK154: 0 | FL154: 0 | FM154: 0 | FN154: 0
A155: SUCCOA:mit | B155: 0 | C155: 0 | D155: 0 | E155: 0 | F155: 0 | G155: 0 | H155: 0 | I155: 0 | J155: 0 | K155: 0 | L155: 0 | M155: 0 | N155: 0 | O155: 0 | P155: 0 | Q155: 0 | R155: 0 | S155: 0 | T155: 0 | U155: 0 | V155: 0 | W155: 0 | X155: 0 | Y155: 0 | Z155: 0 | AA155: 0 | AB155: 0 | AC155: 0 | AD155: 0 | AE155: 0 | AF155: 0 | AG155: 0 | AH155: 0 | AI155: 0 | AJ155: 0 | AK155: 0 | AL155: 0 | AM155: 0 | AN155: 0 | AO155: 0 | AP155: 0 | AQ155: 0 | AR155: 0 | AS155: 0 | AT155: 0 | AU155: 0 | AV155: 0 | AW155: 0 | AX155: 0 | AY155: 0 | AZ155: 0 | BA155: 0 | BB155: 0 | BC155: 0 | BD155: 0 | BE155: 0 | BF155: 0 | BG155: 0 | BH155: 0 | BI155: 0 | BJ155: 0 | BK155: 0 | BL155: 0 | BM155: 0 | BN155: 0 | BO155: 0 | BP155: 0 | BQ155: 0 | BR155: 0 | BS155: 0 | BT155: 0 | BU155: 0 | BV155: 0 | BW155: 0 | BX155: 0 | BY155: 0 | BZ155: 0 | CA155: 0 | CB155: 0 | CC155: 0 | CD155: 0 | CE155: 0 | CF155: 0 | CG155: 0 | CH155: 0 | CI155: 0 | CJ155: 0 | CK155: 0 | CL155: 0 | CM155: 0 | CN155: 0 | CO155: 0 | CP155: 0 | CQ155: 0 | CR155: 0 | CS155: 0 | CT155: 0 | CU155: 0 | CV155: 0 | CW155: 0 | CX155: 0 | CY155: 0 | CZ155: 0 | DA155: 0 | DB155: 0 | DC155: 0 | DD155: 0 | DE155: 0 | DF155: 0 | DG155: 0 | DH155: 0 | DI155: 0 | DJ155: 0 | DK155: 0 | DL155: 0 | DM155: 0 | DN155: 0 | DO155: 0 | DP155: 0 | DQ155: 0 | DR155: 0 | DS155: 0 | DT155: 0 | DU155: 0 | DV155: 0 | DW155: 0 | DX155: 0 | DY155: 0 | DZ155: 0 | EA155: 0 | EB155: 0 | EC155: 0 | ED155: 0 | EE155: 0 | EF155: 0 | EG155: 0 | EH155: 1 | EI155: 0 | EJ155: 0 | EK155: 0 | EL155: 0 | EM155: -1 | EN155: 0 | EO155: 0 | EP155: 0 | EQ155: 0 | ER155: 0 | ES155: 0 | ET155: 0 | EU155: 0 | EV155: 0 | EW155: 0 | EX155: 0 | EY155: 0 | EZ155: 0 | FA155: 0 | FB155: 0 | FC155: 0 | FD155: 0 | FE155: 0 | FF155: 0 | FG155: 0 | FH155: 0 | FI155: 0 | FJ155: 0 | FK155: 0 | FL155: 0 | FM155: 0 | FN155: 0
A156: THF:cyt | B156: 0 | C156: 0 | D156: 0 | E156: 0 | F156: 0 | G156: 0 | H156: 0 | I156: 0 | J156: 0 | K156: 0 | L156: 0 | M156: 0 | N156: 0 | O156: 1 | P156: 0 | Q156: 0 | R156: 0 | S156: 0 | T156: 0 | U156: 0 | V156: 0 | W156: 0 | X156: 0 | Y156: 0 | Z156: 0 | AA156: 0 | AB156: 0 | AC156: 0 | AD156: 0 | AE156: 0 | AF156: 0 | AG156: 0 | AH156: 1 | AI156: 0 | AJ156: 0 | AK156: 0 | AL156: 0 | AM156: 0 | AN156: 0 | AO156: 0 | AP156: 0 | AQ156: 0 | AR156: 0 | AS156: 0 | AT156: 0 | AU156: 0 | AV156: 0 | AW156: 0 | AX156: 0 | AY156: -1 | AZ156: 0 | BA156: 0 | BB156: 0 | BC156: 0 | BD156: 0 | BE156: 0 | BF156: 0 | BG156: 0 | BH156: 0 | BI156: 0 | BJ156: 1 | BK156: 0 | BL156: 0 | BM156: 0 | BN156: 0 | BO156: 0 | BP156: 0 | BQ156: 0 | BR156: 1 | BS156: 0 | BT156: 0 | BU156: 0 | BV156: 0 | BW156: 0 | BX156: 0 | BY156: 0 | BZ156: 0 | CA156: 0 | CB156: 0 | CC156: 0 | CD156: 0 | CE156: 0 | CF156: 0 | CG156: 0 | CH156: 0 | CI156: 0 | CJ156: 0 | CK156: 0 | CL156: 0 | CM156: 0 | CN156: 0 | CO156: 0 | CP156: 0 | CQ156: 0 | CR156: 0 | CS156: 0 | CT156: 0 | CU156: 0 | CV156: 0 | CW156: 0 | CX156: 0 | CY156: 0 | CZ156: 0 | DA156: 0 | DB156: 0 | DC156: 0 | DD156: 0 | DE156: 0 | DF156: 0 | DG156: 0 | DH156: 0 | DI156: 0 | DJ156: 0 | DK156: 0 | DL156: 0 | DM156: 0 | DN156: 0 | DO156: 0 | DP156: 0 | DQ156: 0 | DR156: 0 | DS156: 0 | DT156: 0 | DU156: 0 | DV156: 0 | DW156: 0 | DX156: 0 | DY156: 0 | DZ156: 0 | EA156: 0 | EB156: 0 | EC156: 0 | ED156: 0 | EE156: 0 | EF156: 0 | EG156: 0 | EH156: 0 | EI156: 0 | EJ156: 0 | EK156: 0 | EL156: 0 | EM156: 0 | EN156: 0 | EO156: 0 | EP156: 0 | EQ156: 0 | ER156: 0 | ES156: 0 | ET156: 0 | EU156: 0 | EV156: 0 | EW156: 0 | EX156: 0 | EY156: 0 | EZ156: 0 | FA156: 0 | FB156: 0 | FC156: 0 | FD156: 0 | FE156: 0 | FF156: 0 | FG156: 0 | FH156: 0 | FI156: 0 | FJ156: 0 | FK156: 0 | FL156: 0 | FM156: 0 | FN156: 0
... A166: XYL5P:cyt | B166: 0 | C166: 0 | D166: 0 | E166: 0 | F166: 0 | G166: 0 | H166: 0 | I166: 0 | J166: 0 | K166: 0 | L166: 0 | M166: 0 | N166: 0 | O166: 0 | P166: 0 | Q166: 0 | R166: 0 | S166: 0 | T166: 0 | U166: 0 | V166: 0 | W166: 0 | X166: 0 | Y166: 0 | Z166: 0 | AA166: 0 | AB166: 0 | AC166: 0 | AD166: 0 | AE166: 0 | AF166: 0 | AG166: 0 | AH166: 0 | AI166: 0 | AJ166: 0 | AK166: 0 | AL166: 0 | AM166: 0 | AN166: 0 | AO166: 0 | AP166: 0 | AQ166: 0 | AR166: 0 | AS166: 0 | AT166: 0 | AU166: 0 | AV166: 0 | AW166: 0 | AX166: 0 | AY166: 0 | AZ166: 0 | BA166: 0 | BB166: 0 | BC166: 0 | BD166: 0 | BE166: 0 | BF166: 0 | BG166: 0 | BH166: 0 | BI166: 0 | BJ166: 0 | BK166: 0 | BL166: 0 | BM166: 0 | BN166: 0 | BO166: 0 | BP166: 0 | BQ166: 0 | BR166: 0 | BS166: 0 | BT166: 0 | BU166: 0 | BV166: 0 | BW166: 0 | BX166: 0 | BY166: 0 | BZ166: 0 | CA166: 0 | CB166: 0 | CC166: 0 | CD166: 0 | CE166: 0 | CF166: 0 | CG166: 0 | CH166: 0 | CI166: 0 | CJ166: 0 | CK166: 0 | CL166: 1 | CM166: 0 | CN166: 0 | CO166: 0 | CP166: 0 | CQ166: 0 | CR166: 0 | CS166: 0 | CT166: 0 | CU166: 0 | CV166: 0 | CW166: 0 | CX166: -1 | CY166: -1 | CZ166: 0 | DA166: 0 | DB166: 0 | DC166: 0 | DD166: 0 | DE166: 0 | DF166: 0 | DG166: 0 | DH166: 0 | DI166: 0 | DJ166: 0 | DK166: 0 | DL166: 0 | DM166: 0 | DN166: 0 | DO166: 0 | DP166: 0 | DQ166: 0 | DR166: 0 | DS166: 0 | DT166: 0 | DU166: 0 | DV166: 0 | DW166: 0 | DX166: 0 | DY166: 0 | DZ166: 0 | EA166: 0 | EB166: 0 | EC166: 0 | ED166: 0 | EE166: 0 | EF166: 0 | EG166: 0 | EH166: 0 | EI166: 0 | EJ166: 0 | EK166: 0 | EL166: 0 | EM166: 0 | EN166: 0 | EO166: 0 | EP166: 0 | EQ166: 0 | ER166: 0 | ES166: 0 | ET166: 0 | EU166: 0 | EV166: 0 | EW166: 0 | EX166: 0 | EY166: 0 | EZ166: 0 | FA166: 0 | FB166: 0 | FC166: 0 | FD166: 0 | FE166: 0 | FF166: 0 | FG166: 0 | FH166: 0 | FI166: 0 | FJ166: 0 | FK166: 0 | FL166: 0 | FM166: 0 | FN166: 0

Sheet Results
A1: Supplemental Material 2: Model | D1: Bounds A | G1: Bounds B | J1: Bounds C | M1: Bounds D | P1: Bounds E | S1: Bounds F | V1: Bounds G | Y1: Bounds H | AB1: Bounds I | AE1: Bounds J | AH1: Bounds K | AK1: Bounds L | AN1: Bounds M | AQ1: Bounds N
D2: Sc, ND, cADH, cALD | G2: Sc, mADH, cALD | J2: Sc, cADH, mALD | M2: Sc, mADH, mALD | P2: Cj, +CI, cADH, cALD | S2: Cj, mADH, cALD | V2: Cj, cADH, mALD | Y2: Cj, mADH, mALD | AB2: Op, (+CI,) cADH, cALD | AE2: Op, (+CI,) mADH, cALD | AH2: Op, (+CI,) cADH, mALD | AK2: Op, (+CI,) mADH, mALD | AN2: Op, (+CI), cAOX, cALD | AQ2: Op, Ndi, cADH, cALD
D3: Fluxnaam | E3: Fluxrate | G3: Fluxnaam | H3: Fluxrate | J3: Fluxnaam | K3: Fluxrate | M3: Fluxnaam | N3: Fluxrate | P3: Fluxnaam | Q3: Fluxrate | S3: Fluxnaam | T3: Fluxrate | V3: Fluxnaam | W3: Fluxrate | Y3: Fluxnaam | Z3: Fluxrate | AB3: Fluxnaam | AC3: Fluxrate | AE3: Fluxnaam | AF3: Fluxrate | AH3: Fluxnaam | AI3: Fluxrate | AK3: Fluxnaam | AL3: Fluxrate | AN3: Fluxnaam | AO3: Fluxrate | AQ3: Fluxnaam | AR3: Fluxrate
D4: ADPc<->ATPm | E4: 469.35 | G4: ADPc<->ATPm | H4: 469.35 | J4: ADPc<->ATPm | K4: 469.35 | M4: ADPc<->ATPm | N4: 469.35 | P4: ADPc<->ATPm | Q4: 480.38 | S4: ADPc<->ATPm | T4: 466.71 | V4: ADPc<->ATPm | W4: 472.22 | Y4: ADPc<->ATPm | Z4: 461.07 | AB4: ADPc<->ATPm | AC4: 481.66 | AE4: ADPc<->ATPm | AF4: 467.71 | AH4: ADPc<->ATPm | AI4: 472.82 | AK4: ADPc<->ATPm | AL4: 462.1 | AN4: ADPc<->ATPm | AO4: 508.28 | AQ4: ADPc<->ATPm | AR4: 508.94
D5: biom-Cj | E5: 0 | G5: biom-Cj | H5: 0 | J5: biom-Cj | K5: 0 | M5: biom-Cj | N5: 0 | P5: biom-Cj | Q5: 100 | S5: biom-Cj | T5: 100 | V5: biom-Cj | W5: 100 | Y5: biom-Cj | Z5: 100 | AB5: biom-Cj | AC5: 0 | AE5: biom-Cj | AF5: 0 | AH5: biom-Cj | AI5: 0 | AK5: biom-Cj | AL5: 0 | AN5: biom-Cj | AO5: 0 | AQ5: biom-Cj | AR5: 0
D6: biom-Op | E6: 0 | G6: biom-Op | H6: 0 | J6: biom-Op | K6: 0 | M6: biom-Op | N6: 0 | P6: biom-Op | Q6: 0 | S6: biom-Op | T6: 0 | V6: biom-Op | W6: 0 | Y6: biom-Op | Z6: 0 | AB6: biom-Op | AC6: 100 | AE6: biom-Op | AF6: 100 | AH6: biom-Op | AI6: 100 | AK6: biom-Op | AL6: 100 | AN6: biom-Op | AO6: 100 | AQ6: biom-Op | AR6: 100
D7: biom-Sc | E7: 100 | G7: biom-Sc | H7: 100 | J7: biom-Sc | K7: 100 | M7: biom-Sc | N7: 100 | P7: biom-Sc | Q7: 0 | S7: biom-Sc | T7: 0 | V7: biom-Sc | W7: 0 | Y7: biom-Sc | Z7: 0 | AB7: biom-Sc | AC7: 0 | AE7: biom-Sc | AF7: 0 | AH7: biom-Sc | AI7: 0 | AK7: biom-Sc | AL7: 0 | AN7: biom-Sc | AO7: 0 | AQ7: biom-Sc | AR7: 0
D8: c13PG kin | E8: -10.89 | G8: c13PG kin | H8: -10.89 | J8: c13PG kin | K8: -10.89 | M8: c13PG kin | N8: -10.89 | P8: c13PG kin | Q8: -9.67 | S8: c13PG kin | T8: -9.67 | V8: c13PG kin | W8: -9.67 | Y8: c13PG kin | Z8: -9.67 | AB8: c13PG kin | AC8: -13.1 | AE8: c13PG kin | AF8: -13.1 | AH8: c13PG kin | AI8: -13.1 | AK8: c13PG kin | AL8: -13.1 | AN8: c13PG kin | AO8: -13.1 | AQ8: c13PG kin | AR8: -13.1
D9: c3PG mut | E9: -12.65 | G9: c3PG mut | H9: -12.65 | J9: c3PG mut | K9: -12.65 | M9: c3PG mut | N9: -12.65 | P9: c3PG mut | Q9: -11.95 | S9: c3PG mut | T9: -11.95 | V9: c3PG mut | W9: -11.95 | Y9: c3PG mut | Z9: -11.95 | AB9: c3PG mut | AC9: -15.19 | AE9: c3PG mut | AF9: -15.19 | AH9: c3PG mut | AI9: -15.19 | AK9: c3PG mut | AL9: -15.19 | AN9: c3PG mut | AO9: -15.19 | AQ9: c3PG mut | AR9: -15.19
D10: cA kin | E10: 0.23 | G10: cA kin | H10: 0.23 | J10: cA kin | K10: 0.23 | M10: cA kin | N10: 0.23 | P10: cA kin | Q10: 0.17 | S10: cA kin | T10: 0.17 | V10: cA kin | W10: 0.17 | Y10: cA kin | Z10: 0.17 | AB10: cA kin | AC10: 0.18 | AE10: cA kin | AF10: 0.18 | AH10: cA kin | AI10: 0.18 | AK10: cA kin | AL10: 0.18 | AN10: cA kin | AO10: 0.18 | AQ10: cA kin | AR10: 0.18
D11: cACCoA carb | E11: 5.14 | G11: cACCoA carb | H11: 5.14 | J11: cACCoA carb | K11: 5.14 | M11: cACCoA carb | N11: 5.14 | P11: cACCoA carb | Q11: 3.87 | S11: cACCoA carb | T11: 3.87 | V11: cACCoA carb | W11: 3.87 | Y11: cACCoA carb | Z11: 3.87 | AB11: cACCoA carb | AC11: 4.05 | AE11: cACCoA carb | AF11: 4.05 | AH11: cACCoA carb | AI11: 4.05 | AK11: cACCoA carb | AL11: 4.05 | AN11: cACCoA carb | AO11: 4.05 | AQ11: cACCoA carb | AR11: 4.05
D12: cACCoA syn | E12: 85.82 | G12: cACCoA syn | H12: 85.82 | J12: cACCoA syn | K12: 85.82 | M12: cACCoA syn | N12: 85.82 | P12: cACCoA syn | Q12: 80.08 | S12: cACCoA syn | T12: 73.25 | V12: cACCoA syn | W12: 76 | Y12: cACCoA syn | Z12: 70.43 | AB12: cACCoA syn | AC12: 81.6 | AE12: cACCoA syn | AF12: 74.63 | AH12: cACCoA syn | AI12: 77.18 | AK12: cACCoA syn | AL12: 71.82 | AN12: cACCoA syn | AO12: 94.91 | AQ12: cACCoA syn | AR12: 95.24
D13: cACTAL deh (NAD) | E13: 57.56 | G13: cACTAL deh (NAD) | H13: 57.56 | J13: cACTAL deh (NAD) | K13: 0 | M13: cACTAL deh (NAD) | N13: 0 | P13: cACTAL deh (NAD) | Q13: 47.63 | S13: cACTAL deh (NAD) | T13: 40.79 | V13: cACTAL deh (NAD) | W13: 0 | Y13: cACTAL deh (NAD) | Z13: 0 | AB13: cACTAL deh (NAD) | AC13: 51.53 | AE13: cACTAL deh (NAD) | AF13: 44.56 | AH13: cACTAL deh (NAD) | AI13: 0 | AK13: cACTAL deh (NAD) | AL13: 0 | AN13: cACTAL deh (NAD) | AO13: 64.84 | AQ13: cACTAL deh (NAD) | AR13: 65.17
D14: cACTAL deh (NADP) | E14: 28.15 | G14: cACTAL deh (NADP) | H14: 28.15 | J14: cACTAL deh (NADP) | K14: 28.15 | M14: cACTAL deh (NADP) | N14: 28.15 | P14: cACTAL deh (NADP) | Q14: 32.29 | S14: cACTAL deh (NADP) | T14: 32.29 | V14: cACTAL deh (NADP) | W14: 32.29 | Y14: cACTAL deh (NADP) | Z14: 32.29 | AB14: cACTAL deh (NADP) | AC14: 29.92 | AE14: cACTAL deh (NADP) | AF14: 29.92 | AH14: cACTAL deh (NADP) | AI14: 29.92 | AK14: cACTAL deh (NADP) | AL14: 29.92 | AN14: cACTAL deh (NADP) | AO14: 29.92 | AQ14: cACTAL deh (NADP) | AR14: 29.92
D15: cACT -> mACT | E15: 0 | G15: cACT -> mACT | H15: 0 | J15: cACT -> mACT | K15: -57.56 | M15: cACT -> mACT | N15: -57.56 | P15: cACT -> mACT | Q15: 0 | S15: cACT -> mACT | T15: 0 | V15: cACT -> mACT | W15: -43.55 | Y15: cACT -> mACT | Z15: -37.97 | AB15: cACT -> mACT | AC15: 0 | AE15: cACT -> mACT | AF15: 0 | AH15: cACT -> mACT | AI15: -47.11 | AK15: cACT -> mACT | AL15: -41.75 | AN15: cACT -> mACT | AO15: 0 | AQ15: cACT -> mACT | AR15: 0
... D172: cMaintenance | E172: 194.97 | G172: cMaintenance | H172: 194.97 | J172: cMaintenance | K172: 194.97 | M172: cMaintenance | N172: 194.97 | P172: cMaintenance | Q172: 194.97 | S172: cMaintenance | T172: 194.97 | V172: cMaintenance | W172: 194.97 | Y172: cMaintenance | Z172: 194.97 | AB172: cMaintenance | AC172: 194.97 | AE172: cMaintenance | AF172: 194.97 | AH172: cMaintenance | AI172: 194.97 | AK172: cMaintenance | AL172: 194.97 | AN172: cMaintenance | AO172: 194.97 | AQ172: cMaintenance | AR172: 194.97
D174: Yxs | E174: =(E171*$B$179)/(-E170*$B$182) -> 0.60024861 | F174: g/g | G174: Yxs | H174: =(H171*$B$179)/(-H170*$B$182) -> 0.60024861 | I174: g/g | J174: Yxs | K174: =(K171*$B$179)/(-K170*$B$182) -> 0.60024861 | L174: g/g | M174: Yxs | N174: =(N171*$B$179)/(-N170*$B$182) -> 0.60024861 | O174: g/g | P174: Yxs | Q174: =(Q171*$B$180)/(-Q170*$B$182) -> 0.64746684 | R174: g/g | S174: Yxs | T174: =(T171*$B$180)/(-T170*$B$182) -> 0.70820015 | U174: g/g | V174: Yxs | W174: =(W171*$B$180)/(-W170*$B$182) -> 0.68237256 | X174: g/g | Y174: Yxs | Z174: =(Z171*$B$180)/(-Z170*$B$182) -> 0.7366898 | AA174: g/g | AB174: Yxs | AC174: =(AC171*$B$181)/(-AC170*$B$182) -> 0.64358919 | AD174: g/g | AE174: Yxs | AF174: =(AF171*$B$181)/(-AF170*$B$182) -> 0.70389863 | AG174: g/g | AH174: Yxs | AI174: =(AI171*$B$181)/(-AI170*$B$182) -> 0.68047804 | AJ174: g/g | AK174: Yxs | AL174: =(AL171*$B$181)/(-AL170*$B$182) -> 0.73153528 | AM174: g/g | AN174: Yxs | AO174: =(AO171*$B$181)/(-AO170*$B$182) -> 0.55303666 | AP174: g/g | AQ174: Yxs | AR174: =(AR171*$B$181)/(-AR170*$B$182) -> 0.5511736 | AS174: g/g
D175: YxO2 | E175: =(E171*$B$179)/-E167 -> 14.52368 | F175: g/mol | G175: YxO2 | H175: =(H171*$B$179)/-H167 -> 14.52368 | I175: g/mol | J175: YxO2 | K175: =(K171*$B$179)/-K167 -> 14.52368 | L175: g/mol | M175: YxO2 | N175: =(N171*$B$179)/-N167 -> 14.52368 | O175: g/mol | P175: YxO2 | Q175: =(Q171*$B$180)/-Q167 -> 17.498011 | R175: g/mol | S175: YxO2 | T175: =(T171*$B$180)/-T167 -> 20.611973 | U175: g/mol | V175: YxO2 | W175: =(W171*$B$180)/-W167 -> 19.233503 | X175: g/mol | Y175: YxO2 | Z175: =(Z171*$B$180)/-Z167 -> 22.244873 | AA175: g/mol | AB175: YxO2 | AC175: =(AC171*$B$181)/-AC167 -> 17.638605 | AD175: g/mol | AE175: YxO2 | AF175: =(AF171*$B$181)/-AF167 -> 20.830091 | AG175: g/mol | AH175: YxO2 | AI175: =(AI171*$B$181)/-AI167 -> 19.534229 | AJ175: g/mol | AK175: YxO2 | AL175: =(AL171*$B$181)/-AL167 -> 22.468282 | AM175: g/mol | AN175: YxO2 | AO175: =(AO171*$B$181)/-AO167 -> 10.760802 | AP175: g/mol | AQ175: YxO2 | AR175: =(AR171*$B$181)/-AR167 -> 13.571369 | AS175: g/mol
D176: RQ | E176: =E168/-E167 -> 0.50868791 | G176: RQ | H176: =H168/-H167 -> 0.50868791 | J176: RQ | K176: =K168/-K167 -> 0.50868791 | M176: RQ | N176: =N168/-N167 -> 0.50868791 | P176: RQ | Q176: =Q168/-Q167 -> 0.44490277 | S176: RQ | T176: =T168/-T167 -> 0.40546638 | V176: RQ | W176: =W168/-W167 -> 0.4229617 | Y176: RQ | Z176: =Z168/-Z167 -> 0.38477386 | AB176: RQ | AC176: =AC168/-AC167 -> 0.43708803 | AE176: RQ | AF176: =AF168/-AF167 -> 0.3956063 | AH176: RQ | AI176: =AI168/-AI167 -> 0.41244221 | AK176: RQ | AL176: =AL168/-AL167 -> 0.37428865 | AN176: RQ | AO176: =AO168/-AO167 -> 0.38563961 | AQ176: RQ | AR176: =AR168/-AR167 -> 0.49002592
E177: mmol/CmolX/h | F177: mmol/gx/h | H177: mmol/CmolX/h | I177: mmol/gx/h | K177: mmol/CmolX/h | L177: mmol/gx/h | N177: mmol/CmolX/h | O177: mmol/gx/h | Q177: mmol/CmolX/h | R177: mmol/gx/h | T177: mmol/CmolX/h | U177: mmol/gx/h | W177: mmol/CmolX/h | X177: mmol/gx/h | Z177: mmol/CmolX/h | AA177: mmol/gx/h | AC177: mmol/CmolX/h | AD177: mmol/gx/h | AF177: mmol/CmolX/h | AG177: mmol/gx/h | AI177: mmol/CmolX/h | AJ177: mmol/gx/h | AL177: mmol/CmolX/h | AM177: mmol/gx/h | AO177: mmol/CmolX/h | AP177: mmol/gx/h | AR177: mmol/CmolX/h | AS177: mmol/gx/h
A178: Molar weights | D178: =D13 -> cACTAL deh (NAD) | E178: =E13 -> 57.56 | F178: =E178/$B$179 -> 2.4333413 | G178: =G13 -> cACTAL deh (NAD) | H178: =H13 -> 57.56 | I178: =H178/$B$179 -> 2.4333413 | J178: =J128 -> mACTAL deh (NAD) | K178: =K128 -> 57.56 | L178: =K178/$B$179 -> 2.4333413 | M178: =M128 -> mACTAL deh (NAD) | N178: =N128 -> 57.56 | O178: =N178/$B$179 -> 2.4333413 | P178: =P13 -> cACTAL deh (NAD) | Q178: =Q13 -> 47.63 | R178: =Q178/$B$180 -> 2.0050263 | S178: =S13 -> cACTAL deh (NAD) | T178: =T13 -> 40.79 | U178: =T178/$B$180 -> 1.7170905 | V178: =V128 -> mACTAL deh (NAD) | W178: =W128 -> 43.55 | X178: =W178/$B$180 -> 1.8332751 | Y178: =Y128 -> mACTAL deh (NAD) | Z178: =Z128 -> 37.97 | AA178: =Z178/$B$180 -> 1.5983802 | AB178: =AB13 -> cACTAL deh (NAD) | AC178: =AC13 -> 51.53 | AD178: =AC178/$B$181 -> 2.1396169 | AE178: =AE13 -> cACTAL deh (NAD) | AF178: =AF13 -> 44.56 | AG178: =AF178/$B$181 -> 1.8502101 | AH178: =AH128 -> mACTAL deh (NAD) | AI178: =AI128 -> 47.11 | AJ178: =AI178/$B$181 -> 1.9560906 | AK178: =AK128 -> mACTAL deh (NAD) | AL178: =AL128 -> 41.75 | AM178: =AL178/$B$181 -> 1.733534 | AN178: =AN13 -> cACTAL deh (NAD) | AO178: =AO13 -> 64.84 | AP178: =AO178/$B$181 -> 2.6922717 | AQ178: =AQ13 -> cACTAL deh (NAD) | AR178: =AR13 -> 65.17 | AS178: =AR178/$B$181 -> 2.7059738
A179: S. cerevisiae | B179: =Cmol!AG6 -> 23.654717 | C179: g/Cmol | D179: =D14 -> cACTAL deh (NADP) | E179: =E14 -> 28.15 | F179: =E179/$B$179 -> 1.1900375 | G179: =G14 -> cACTAL deh (NADP) | H179: =H14 -> 28.15 | I179: =H179/$B$179 -> 1.1900375 | J179: =J14 -> cACTAL deh (NADP) | K179: =K14 -> 28.15 | L179: =K179/$B$179 -> 1.1900375 | M179: =M14 -> cACTAL deh (NADP) | N179: =N14 -> 28.15 | O179: =N179/$B$179 -> 1.1900375 | P179: =P14 -> cACTAL deh (NADP) | Q179: =Q14 -> 32.29 | R179: =Q179/$B$180 -> 1.3592756 | S179: =S14 -> cACTAL deh (NADP) | T179: =T14 -> 32.29 | U179: =T179/$B$180 -> 1.3592756 | V179: =V14 -> cACTAL deh (NADP) | W179: =W14 -> 32.29 | X179: =W179/$B$180 -> 1.3592756 | Y179: =Y14 -> cACTAL deh (NADP) | Z179: =Z14 -> 32.29 | AA179: =Z179/$B$180 -> 1.3592756 | AB179: =AB14 -> cACTAL deh (NADP) | AC179: =AC14 -> 29.92 | AD179: =AC179/$B$181 -> 1.2423314 | AE179: =AE14 -> cACTAL deh (NADP) | AF179: =AF14 -> 29.92 | AG179: =AF179/$B$181 -> 1.2423314 | AH179: =AH14 -> cACTAL deh (NADP) | AI179: =AI14 -> 29.92 | AJ179: =AI179/$B$181 -> 1.2423314 | AK179: =AK14 -> cACTAL deh (NADP) | AL179: =AL14 -> 29.92 | AM179: =AL179/$B$181 -> 1.2423314 | AN179: =AN14 -> cACTAL deh (NADP) | AO179: =AO14 -> 29.92 | AP179: =AO179/$B$181 -> 1.2423314 | AQ179: =AQ14 -> cACTAL deh (NADP) | AR179: =AR14 -> 29.92 | AS179: =AR179/$B$181 -> 1.2423314
A180: C. jadinii | B180: =Cmol!AE6 -> 23.755299 | C180: g/Cmol | D180: =D41 -> cETOH deh | E180: =-E41 -> 85.67 | F180: =E180/$B$179 -> 3.6216878 | G180: =G131 -> mETOH deh | H180: =-H131 -> 85.67 | I180: =H180/$B$179 -> 3.6216878 | J180: =J41 -> cETOH deh | K180: =-K41 -> 85.67 | L180: =K180/$B$179 -> 3.6216878 | M180: =M131 -> mETOH deh | N180: =-N131 -> 85.67 | O180: =N180/$B$179 -> 3.6216878 | P180: =P41 -> cETOH deh | Q180: =-Q41 -> 79.76 | R180: =Q180/$B$180 -> 3.3575666 | S180: =S131 -> mETOH deh | T180: =-T131 -> 72.92 | U180: =T180/$B$180 -> 3.0696309 | V180: =V41 -> cETOH deh | W180: =-W41 -> 75.68 | X180: =W180/$B$180 -> 3.1858155 | Y180: =Y131 -> mETOH deh | Z180: =-Z131 -> 70.1 | AA180: =Z180/$B$180 -> 2.9509205 | AB180: =AB41 -> cETOH deh | AC180: =-AC41 -> 81.35 | AD180: =AC180/$B$181 -> 3.3777961 | AE180: =AE131 -> mETOH deh | AF180: =-AF131 -> 74.38 | AG180: =AF180/$B$181 -> 3.0883894 | AH180: =AH41 -> cETOH deh | AI180: =-AI41 -> 76.94 | AJ180: =AI180/$B$181 -> 3.1946851 | AK180: =AK131 -> mETOH deh | AL180: =-AL131 -> 71.57 | AM180: =AL180/$B$181 -> 2.9717132
A181: O. parapolymorpha | B181: =Cmol!AF6 -> 24.083751 | C181: g/Cmol
A182: Ethanol | B182: 46 | C182: g/mol

Sheet SUMMARY
A1: Supplemental Material 2: Model
A3: Scenario | B3: Species | C3: mNADH deh | D3: ADH | E3: ALD | F3: Yxs | G3: YxO2 | H3: RQ | K3: NAD-ALD | L3: NADP-ALD | M3: Sum | N3: ADH
A4: A | B4: S. cerevisiae | C4: Ndi | D4: c | E4: c | F4: =Results!E174 -> 0.60024861 | G4: =Results!E175 -> 14.52368 | H4: =Results!E176 -> 0.50868791 | K4: =Results!F178 -> 2.4333413 | L4: =Results!F179 -> 1.1900375 | M4: =K4+L4 -> 3.6233788 | N4: =Results!F180 -> 3.6216878 | O4: =L4/M4 -> 0.32843309
A5: B | B5: S. cerevisiae | C5: =$C$4 -> Ndi | D5: m | E5: c | F5: =Results!H174 -> 0.60024861 | G5: =Results!H175 -> 14.52368 | H5: =Results!E176 -> 0.50868791 | K5: =Results!I178 -> 2.4333413 | L5: =Results!I179 -> 1.1900375 | M5: =K5+L5 -> 3.6233788 | N5: =Results!I180 -> 3.6216878 | O5: =L5/M5 -> 0.32843309
A6: C | B6: S. cerevisiae | C6: =$C$4 -> Ndi | D6: c | E6: m | F6: =Results!K174 -> 0.60024861 | G6: =Results!K175 -> 14.52368 | H6: =Results!K176 -> 0.50868791 | K6: =Results!L178 -> 2.4333413 | L6: =Results!L179 -> 1.1900375 | M6: =K6+L6 -> 3.6233788 | N6: =Results!L180 -> 3.6216878 | O6: =L6/M6 -> 0.32843309
A7: D | B7: S. cerevisiae | C7: =$C$4 -> Ndi | D7: m | E7: m | F7: =Results!N174 -> 0.60024861 | G7: =Results!N175 -> 14.52368 | H7: =Results!N176 -> 0.50868791 | K7: =Results!O178 -> 2.4333413 | L7: =Results!O179 -> 1.1900375 | M7: =K7+L7 -> 3.6233788 | N7: =Results!O180 -> 3.6216878 | O7: =L7/M7 -> 0.32843309
A8: E | B8: C. jadinii | C8: Ndi + CI | D8: c | E8: c | F8: =Results!Q174 -> 0.64746684 | G8: =Results!Q175 -> 17.498011 | H8: =Results!Q176 -> 0.44490277 | K8: =Results!R178 -> 2.0050263 | L8: =Results!R179 -> 1.3592756 | M8: =K8+L8 -> 3.3643019 | N8: =Results!R180 -> 3.3575666 | O8: =L8/M8 -> 0.40402903
A9: F | B9: C. jadinii | C9: =$C$8 -> Ndi + CI | D9: m | E9: c | F9: =Results!T174 -> 0.70820015 | G9: =Results!T175 -> 20.611973 | H9: =Results!T176 -> 0.40546638 | I9: =F9-F8 -> 0.060733313 | J9: =I9/$F$8 -> 0.093801426 | K9: =Results!U178 -> 1.7170905 | L9: =Results!U179 -> 1.3592756 | M9: =K9+L9 -> 3.0763662 | N9: =Results!U180 -> 3.0696309 | O9: =L9/M9 -> 0.44184455
A10: G | B10: C. jadinii | C10: Ndi + CI | D10: c | E10: m | F10: =Results!W174 -> 0.68237256 | G10: =Results!W175 -> 19.233503 | H10: =Results!W176 -> 0.4229617 | I10: =F10-F8 -> 0.034905718 | J10: =I10/$F$8 -> 0.053911205 | K10: =Results!X178 -> 1.8332751 | L10: =Results!X179 -> 1.3592756 | M10: =K10+L10 -> 3.1925508 | N10: =Results!X180 -> 3.1858155 | O10: =L10/M10 -> 0.42576477
A11: H | B11: C. jadinii | C11: =$C$8 -> Ndi + CI | D11: m | E11: m | F11: =Results!Z174 -> 0.7366898 | G11: =Results!Z175 -> 22.244873 | H11: =Results!Z176 -> 0.38477386 | I11: =F11-F8 -> 0.089222963 | J11: =I11/$F$8 -> 0.13780314 | K11: =Results!AA178 -> 1.5983802 | L11: =Results!AA179 -> 1.3592756 | M11: =K11+L11 -> 2.9576558 | N11: =Results!AA180 -> 2.9509205 | O11: =L11/M11 -> 0.45957871
A12: I | B12: O. parapolymorpha | C12: Ndi + CI | D12: c | E12: c | F12: =Results!AC174 -> 0.64358919 | G12: =Results!AC175 -> 17.638605 | H12: =Results!AC176 -> 0.43708803 | K12: =Results!AD178 -> 2.1396169 | L12: =Results!AD179 -> 1.2423314 | M12: =K12+L12 -> 3.3819483 | N12: =Results!AD180 -> 3.3777961 | O12: =L12/M12 -> 0.36734193
A13: J | B13: O. parapolymorpha | C13: =$C$8 -> Ndi + CI | D13: m | E13: c | F13: =Results!AF174 -> 0.70389863 | G13: =Results!AF175 -> 20.830091 | H13: =Results!AF176 -> 0.3956063 | I13: =F13-F12 -> 0.060309447 | J13: =I13/$F$11 -> 0.081865456 | K13: =Results!AG178 -> 1.8502101 | L13: =Results!AG179 -> 1.2423314 | M13: =K13+L13 -> 3.0925415 | N13: =Results!AG180 -> 3.0883894 | O13: =L13/M13 -> 0.40171858
A14: K | B14: O. parapolymorpha | C14: Ndi + CI | D14: c | E14: m | F14: =Results!AI174 -> 0.68047804 | G14: =Results!AI175 -> 19.534229 | H14: =Results!AI176 -> 0.41244221 | I14: =F14-F12 -> 0.036888853 | J14: =I14/$F$11 -> 0.050073793 | K14: =Results!AJ178 -> 1.9560906 | L14: =Results!AJ179 -> 1.2423314 | M14: =K14+L14 -> 3.198422 | N14: =Results!AJ180 -> 3.1946851 | O14: =L14/M14 -> 0.3884201
A15: L | B15: O. parapolymorpha | C15: =$C$8 -> Ndi + CI | D15: m | E15: m | F15: =Results!AL174 -> 0.73153528 | G15: =Results!AL175 -> 22.468282 | H15: =Results!AL176 -> 0.37428865 | I15: =F15-F12 -> 0.087946098 | J15: =I15/$F$11 -> 0.11938009 | K15: =Results!AM178 -> 1.733534 | L15: =Results!AM179 -> 1.2423314 | M15: =K15+L15 -> 2.9758654 | N15: =Results!AM180 -> 2.9717132 | O15: =L15/M15 -> 0.41746895 | P15: =COUNT(O4:O15) -> 12
A16: M | B16: O. parapolymorpha | C16: =$C$8 -> Ndi + CI | D16: AOX (c) | E16: c | F16: =Results!AO174 -> 0.55303666 | G16: =Results!AO175 -> 10.760802 | H16: =Results!AO176 -> 0.38563961 | I16: =F12-F16 -> 0.09055253 | J16: =I16/F12 -> 0.14069927 | P16: =AVERAGE(O4:O15) -> 0.38499158 | Q16: =_xlfn.STDEV.S(O4:O15) -> 0.04793335
A17: N | B17: O. parapolymorpha | C17: Ndi | D17: c | E17: c | F17: =Results!AR174 -> 0.5511736 | G17: =Results!AR175 -> 13.571369 | H17: =Results!AR176 -> 0.49002592 | I17: =F12-F17 -> 0.092415586 | J17: =I17/F12 -> 0.14359406

Sheet Bounds_A
A1: S | B1: min | C1: max
A2: ADPc<->ATPm | B2: -1000 | C2: 1000
A3: biom-Cj | B3: 0 | C3: 0
A4: biom-Op | B4: 0 | C4: 0
A5: biom-Sc | B5: -1000 | C5: 1000
A6: c13PG kin | B6: -1000 | C6: 1000
A7: c3PG mut | B7: -1000 | C7: 1000
A8: cA kin | B8: -1000 | C8: 1000
A9: cACCoA carb | B9: -1000 | C9: 1000
A10: cACCoA syn | B10: -1000 | C10: 1000
A11: cACTAL deh (NAD) | B11: 0 | C11: 1000
A12: cACTAL deh (NADP) | B12: 0 | C12: 1000
A13: cACT -> mACT | B13: -1000 | C13: 1000
... A169: biom:ext | B169: 100 | C169: 100
A170: cMaintenance | B170: =val!C7 -> 194.96584 | C170: =val!C7 -> 194.96584

Sheet Bounds_B
A1: S | B1: min | C1: max
A2: ADPc<->ATPm | B2: -1000 | C2: 1000
A3: biom-Cj | B3: 0 | C3: 0
A4: biom-Op | B4: 0 | C4: 0
A5: biom-Sc | B5: -1000 | C5: 1000
A6: c13PG kin | B6: -1000 | C6: 1000
A7: c3PG mut | B7: -1000 | C7: 1000
A8: cA kin | B8: -1000 | C8: 1000
A9: cACCoA carb | B9: -1000 | C9: 1000
A10: cACCoA syn | B10: -1000 | C10: 1000
A11: cACTAL deh (NAD) | B11: 0 | C11: 1000
A12: cACTAL deh (NADP) | B12: 0 | C12: 1000
A13: cACT -> mACT | B13: -1000 | C13: 1000
... A169: biom:ext | B169: 100 | C169: 100
A170: cMaintenance | B170: =val!C7 -> 194.96584 | C170: =val!C7 -> 194.96584

Sheet Bounds_C
A1: S | B1: min | C1: max
A2: ADPc<->ATPm | B2: -1000 | C2: 1000
A3: biom-Cj | B3: 0 | C3: 0
A4: biom-Op | B4: 0 | C4: 0
A5: biom-Sc | B5: -1000 | C5: 1000
A6: c13PG kin | B6: -1000 | C6: 1000
A7: c3PG mut | B7: -1000 | C7: 1000
A8: cA kin | B8: -1000 | C8: 1000
A9: cACCoA carb | B9: -1000 | C9: 1000
A10: cACCoA syn | B10: -1000 | C10: 1000
A11: cACTAL deh (NAD) | B11: 0 | C11: 0
A12: cACTAL deh (NADP) | B12: 0 | C12: 1000
A13: cACT -> mACT | B13: -1000 | C13: 1000
... A169: biom:ext | B169: 100 | C169: 100
A170: cMaintenance | B170: =val!C7 -> 194.96584 | C170: =val!C7 -> 194.96584

Sheet Bounds_D
A1: S | B1: min | C1: max
A2: ADPc<->ATPm | B2: -1000 | C2: 1000
A3: biom-Cj | B3: 0 | C3: 0
A4: biom-Op | B4: 0 | C4: 0
A5: biom-Sc | B5: -1000 | C5: 1000
A6: c13PG kin | B6: -1000 | C6: 1000
A7: c3PG mut | B7: -1000 | C7: 1000
A8: cA kin | B8: -1000 | C8: 1000
A9: cACCoA carb | B9: -1000 | C9: 1000
A10: cACCoA syn | B10: -1000 | C10: 1000
A11: cACTAL deh (NAD) | B11: 0 | C11: 0
A12: cACTAL deh (NADP) | B12: 0 | C12: 1000
A13: cACT -> mACT | B13: -1000 | C13: 1000
... A169: biom:ext | B169: 100 | C169: 100
A170: cMaintenance | B170: =val!C7 -> 194.96584 | C170: =val!C7 -> 194.96584

Sheet Bounds_E
A1: S | B1: min | C1: max
A2: ADPc<->ATPm | B2: -1000 | C2: 1000
A3: biom-Cj | B3: -1000 | C3: 1000
A4: biom-Op | B4: 0 | C4: 0
A5: biom-Sc | B5: 0 | C5: 0
A6: c13PG kin | B6: -1000 | C6: 1000
A7: c3PG mut | B7: -1000 | C7: 1000
A8: cA kin | B8: -1000 | C8: 1000
A9: cACCoA carb | B9: -1000 | C9: 1000
A10: cACCoA syn | B10: -1000 | C10: 1000
A11: cACTAL deh (NAD) | B11: 0 | C11: 1000
A12: cACTAL deh (NADP) | B12: 0 | C12: 1000
A13: cACT -> mACT | B13: -1000 | C13: 1000
... A169: biom:ext | B169: 100 | C169: 100
A170: cMaintenance | B170: =val!C7 -> 194.96584 | C170: =val!C7 -> 194.96584

Sheet Bounds_F
A1: S | B1: min | C1: max
A2: ADPc<->ATPm | B2: -1000 | C2: 1000
A3: biom-Cj | B3: -1000 | C3: 1000
A4: biom-Op | B4: 0 | C4: 0
A5: biom-Sc | B5: 0 | C5: 0
A6: c13PG kin | B6: -1000 | C6: 1000
A7: c3PG mut | B7: -1000 | C7: 1000
A8: cA kin | B8: -1000 | C8: 1000
A9: cACCoA carb | B9: -1000 | C9: 1000
A10: cACCoA syn | B10: -1000 | C10: 1000
A11: cACTAL deh (NAD) | B11: 0 | C11: 1000
A12: cACTAL deh (NADP) | B12: 0 | C12: 1000
A13: cACT -> mACT | B13: -1000 | C13: 1000
... A169: biom:ext | B169: 100 | C169: 100
A170: cMaintenance | B170: =val!C7 -> 194.96584 | C170: =val!C7 -> 194.96584

Sheet Bounds_G
A1: S | B1: min | C1: max
A2: ADPc<->ATPm | B2: -1000 | C2: 1000
A3: biom-Cj | B3: -1000 | C3: 1000
A4: biom-Op | B4: 0 | C4: 0
A5: biom-Sc | B5: 0 | C5: 0
A6: c13PG kin | B6: -1000 | C6: 1000
A7: c3PG mut | B7: -1000 | C7: 1000
A8: cA kin | B8: -1000 | C8: 1000
A9: cACCoA carb | B9: -1000 | C9: 1000
A10: cACCoA syn | B10: -1000 | C10: 1000
A11: cACTAL deh (NAD) | B11: 0 | C11: 0
A12: cACTAL deh (NADP) | B12: 0 | C12: 1000
A13: cACT -> mACT | B13: -1000 | C13: 1000
... A169: biom:ext | B169: 100 | C169: 100
A170: cMaintenance | B170: =val!C7 -> 194.96584 | C170: =val!C7 -> 194.96584

Sheet Bounds_H
A1: S | B1: min | C1: max
A2: ADPc<->ATPm | B2: -1000 | C2: 1000
A3: biom-Cj | B3: -1000 | C3: 1000
A4: biom-Op | B4: 0 | C4: 0
A5: biom-Sc | B5: 0 | C5: 0
A6: c13PG kin | B6: -1000 | C6: 1000
A7: c3PG mut | B7: -1000 | C7: 1000
A8: cA kin | B8: -1000 | C8: 1000
A9: cACCoA carb | B9: -1000 | C9: 1000
A10: cACCoA syn | B10: -1000 | C10: 1000
A11: cACTAL deh (NAD) | B11: 0 | C11: 0
A12: cACTAL deh (NADP) | B12: 0 | C12: 1000
A13: cACT -> mACT | B13: -1000 | C13: 1000
... A169: biom:ext | B169: 100 | C169: 100
A170: cMaintenance | B170: =val!C7 -> 194.96584 | C170: =val!C7 -> 194.96584

Sheet Bounds_I
A1: S | B1: min | C1: max
A2: ADPc<->ATPm | B2: -1000 | C2: 1000
A3: biom-Cj | B3: 0 | C3: 0
A4: biom-Op | B4: -1000 | C4: 1000
A5: biom-Sc | B5: 0 | C5: 0
A6: c13PG kin | B6: -1000 | C6: 1000
A7: c3PG mut | B7: -1000 | C7: 1000
A8: cA kin | B8: -1000 | C8: 1000
A9: cACCoA carb | B9: -1000 | C9: 1000
A10: cACCoA syn | B10: -1000 | C10: 1000
A11: cACTAL deh (NAD) | B11: 0 | C11: 1000
A12: cACTAL deh (NADP) | B12: 0 | C12: 1000
A13: cACT -> mACT | B13: -1000 | C13: 1000
... A169: biom:ext | B169: 100 | C169: 100
A170: cMaintenance | B170: =val!C7 -> 194.96584 | C170: =val!C7 -> 194.96584

Sheet Bounds_J
A1: S | B1: min | C1: max
A2: ADPc<->ATPm | B2: -1000 | C2: 1000
A3: biom-Cj | B3: 0 | C3: 0
A4: biom-Op | B4: -1000 | C4: 1000
A5: biom-Sc | B5: 0 | C5: 0
A6: c13PG kin | B6: -1000 | C6: 1000
A7: c3PG mut | B7: -1000 | C7: 1000
A8: cA kin | B8: -1000 | C8: 1000
A9: cACCoA carb | B9: -1000 | C9: 1000
A10: cACCoA syn | B10: -1000 | C10: 1000
A11: cACTAL deh (NAD) | B11: 0 | C11: 1000
A12: cACTAL deh (NADP) | B12: 0 | C12: 1000
A13: cACT -> mACT | B13: -1000 | C13: 1000
... A169: biom:ext | B169: 100 | C169: 100
A170: cMaintenance | B170: =val!C7 -> 194.96584 | C170: =val!C7 -> 194.96584

Sheet Bounds_K
A1: S | B1: min | C1: max
A2: ADPc<->ATPm | B2: -1000 | C2: 1000
A3: biom-Cj | B3: 0 | C3: 0
A4: biom-Op | B4: -1000 | C4: 1000
A5: biom-Sc | B5: 0 | C5: 0
A6: c13PG kin | B6: -1000 | C6: 1000
A7: c3PG mut | B7: -1000 | C7: 1000
A8: cA kin | B8: -1000 | C8: 1000
A9: cACCoA carb | B9: -1000 | C9: 1000
A10: cACCoA syn | B10: -1000 | C10: 1000
A11: cACTAL deh (NAD) | B11: 0 | C11: 0
A12: cACTAL deh (NADP) | B12: 0 | C12: 1000
A13: cACT -> mACT | B13: -1000 | C13: 1000
... A169: biom:ext | B169: 100 | C169: 100
A170: cMaintenance | B170: =val!C7 -> 194.96584 | C170: =val!C7 -> 194.96584

Sheet Bounds_L
A1: S | B1: min | C1: max
A2: ADPc<->ATPm | B2: -1000 | C2: 1000
A3: biom-Cj | B3: 0 | C3: 0
A4: biom-Op | B4: -1000 | C4: 1000
A5: biom-Sc | B5: 0 | C5: 0
A6: c13PG kin | B6: -1000 | C6: 1000
A7: c3PG mut | B7: -1000 | C7: 1000
A8: cA kin | B8: -1000 | C8: 1000
A9: cACCoA carb | B9: -1000 | C9: 1000
A10: cACCoA syn | B10: -1000 | C10: 1000
A11: cACTAL deh (NAD) | B11: 0 | C11: 0
A12: cACTAL deh (NADP) | B12: 0 | C12: 1000
A13: cACT -> mACT | B13: -1000 | C13: 1000
... A169: biom:ext | B169: 100 | C169: 100
A170: cMaintenance | B170: =val!C7 -> 194.96584 | C170: =val!C7 -> 194.96584

Sheet Bounds_M
A1: S | B1: min | C1: max
A2: ADPc<->ATPm | B2: -1000 | C2: 1000
A3: biom-Cj | B3: 0 | C3: 0
A4: biom-Op | B4: -1000 | C4: 1000
A5: biom-Sc | B5: 0 | C5: 0
A6: c13PG kin | B6: -1000 | C6: 1000
A7: c3PG mut | B7: -1000 | C7: 1000
A8: cA kin | B8: -1000 | C8: 1000
A9: cACCoA carb | B9: -1000 | C9: 1000
A10: cACCoA syn | B10: -1000 | C10: 1000
A11: cACTAL deh (NAD) | B11: 0 | C11: 1000
A12: cACTAL deh (NADP) | B12: 0 | C12: 1000
A13: cACT -> mACT | B13: -1000 | C13: 1000
... A169: biom:ext | B169: 100 | C169: 100
A170: cMaintenance | B170: =val!C7 -> 194.96584 | C170: =val!C7 -> 194.96584

Sheet Bounds_N
A1: S | B1: min | C1: max
A2: ADPc<->ATPm | B2: -1000 | C2: 1000
A3: biom-Cj | B3: 0 | C3: 0
A4: biom-Op | B4: -1000 | C4: 1000
A5: biom-Sc | B5: 0 | C5: 0
A6: c13PG kin | B6: -1000 | C6: 1000
A7: c3PG mut | B7: -1000 | C7: 1000
A8: cA kin | B8: -1000 | C8: 1000
A9: cACCoA carb | B9: -1000 | C9: 1000
A10: cACCoA syn | B10: -1000 | C10: 1000
A11: cACTAL deh (NAD) | B11: 0 | C11: 1000
A12: cACTAL deh (NADP) | B12: 0 | C12: 1000
A13: cACT -> mACT | B13: -1000 | C13: 1000
... A169: biom:ext | B169: 100 | C169: 100
A170: cMaintenance | B170: =val!C7 -> 194.96584 | C170: =val!C7 -> 194.96584
